WKT,ID
"MULTILINESTRING ((5.8993950443419 45.0915780298213,5.89896697817416 45.0903629020238,5.89820393476744 45.0885005572838,5.90045026224815 45.0878411338954))",LIGNELEC0000000269643565
"MULTILINESTRING ((5.70670535938412 45.1035180983367,5.70056200677564 45.1020923039324))",LIGNELEC0000002003318394
"MULTILINESTRING ((5.90045026224815 45.0878411338954,5.90090162570735 45.08776451063,5.9003360995481 45.0865475621229,5.89754501712935 45.0856768356429,5.89515067691471 45.084508313451,5.89360266063924 45.0831033265498,5.89153661039479 45.0820081959823,5.88937187706788 45.0810444316198))",LIGNELEC0000002003384357
"MULTILINESTRING ((5.88826407929324 45.0795648896543,5.88937187706788 45.0810444316198))",LIGNELEC0000002003384358
"MULTILINESTRING ((5.8993950443419 45.0915780298213,5.90257776530252 45.0944243347351,5.90444995945262 45.0957414773003,5.90673259103096 45.0969992313645,5.9076725393033 45.0979748287539,5.91176778809043 45.0995672035045))",LIGNELEC0000002003384351
"MULTILINESTRING ((6.03465825154508 45.2090137126262,6.03482759456882 45.2086820152793,6.03631684667272 45.2031142585511,6.03635438794358 45.2028438127197))",LIGNELEC0000000024796802
"MULTILINESTRING ((6.07677679220526 45.0314435724685,6.07830563785081 45.0316544983456))",LIGNELEC0000000024796675
"MULTILINESTRING ((5.77592304520283 45.0547301287737,5.76963912001369 45.0521675566093))",LIGNELEC0000000024796703
"MULTILINESTRING ((6.01836591005666 45.4274563948395,6.02093378532729 45.4279405005676))",LIGNELEC0000000024796806
"MULTILINESTRING ((5.69953744556614 45.0957331733731,5.70009139422053 45.0980378313485,5.70213142248916 45.1004794456893,5.70643437356767 45.1025192430984,5.70854809647522 45.1035057649347))",LIGNELEC0000000024796850
"MULTILINESTRING ((5.62700584579038 45.2931708968224,5.62767551577232 45.2933236386911))",LIGNELEC0000000024796827
"MULTILINESTRING ((5.54335306179497 45.2899892928722,5.53742456984569 45.2939681182516,5.53136705210911 45.2979630471376,5.52536701238986 45.3019211986736,5.51916557610901 45.3060177816993,5.51560057967945 45.3086628631483,5.51145951032624 45.3117063421743,5.50812914836535 45.3141621220551,5.49667363620799 45.3165904006227))",LIGNELEC0000000222413294
"MULTILINESTRING ((5.55298852956024 45.083128731092,5.54565336027561 45.0841487794091,5.54287336004685 45.0845347683248,5.54083548208454 45.0847983657268,5.53712642509135 45.0853089905864,5.52835227626601 45.0866056766351,5.52266713564705 45.0832049829606,5.5167609516393 45.0798495496655,5.51330241653164 45.0778962055301,5.51086607143292 45.0768430967174,5.50697814882684 45.0769874066655,5.50208256885208 45.0771452072221,5.4940924656286 45.0774207569877,5.4888581589242 45.0812249557429,5.48821551916085 45.0806988045367,5.4876150024933 45.0806905938644))",LIGNELEC0000000224178071
"MULTILINESTRING ((6.04671673476894 45.1498308779605,6.04669267216128 45.1500667171353))",LIGNELEC0000000269643559
"MULTILINESTRING ((5.73642927579982 45.0850437919924,5.7362063179055 45.0851654884086,5.73322328590452 45.0867621873303))",LIGNELEC0000000024796654
"MULTILINESTRING ((5.76309899315299 45.0445594464962,5.76286148930038 45.0463897383251,5.76733937781195 45.0502561796145,5.76963912001369 45.0521675566093))",LIGNELEC0000000024796712
"MULTILINESTRING ((5.90179768889471 45.2378096768719,5.90093269083604 45.2386367665634,5.89678379992703 45.2374784740026,5.89297563310267 45.2367635265748,5.89044224167664 45.2362830808382,5.88814937994837 45.235915296241,5.88728401364553 45.2355069744931))",LIGNELEC0000000024796764
"MULTILINESTRING ((6.07514878920648 45.029982884747,6.07672159623099 45.030578272619,6.07829870214872 45.0311356755878))",LIGNELEC0000000024796765
"MULTILINESTRING ((6.03635438794358 45.2028438127197,6.03618374918446 45.2031043621151,6.0347119613614 45.2086653344086,6.03465825154508 45.2090137126262))",LIGNELEC0000000024796796
"MULTILINESTRING ((5.66414536751419 45.1004570073234,5.67210229353432 45.0990250565305))",LIGNELEC0000000024796847
"MULTILINESTRING ((5.73476617939932 45.0932155752183,5.73256413053572 45.0945876657297,5.72874690336715 45.0966704693907,5.72819100824896 45.098259816035,5.72714895419032 45.1013575118023,5.72645100381 45.1034269204789,5.72321950848872 45.1050672452768,5.71962224720256 45.1068551416201,5.71698938717008 45.1081770550862,5.71427966818238 45.1095431192294,5.70999019477564 45.1080348223568))",LIGNELEC0000000024796655
"MULTILINESTRING ((6.07488299435081 45.2800642077701,6.07482887058217 45.2806793576624,6.07238172835712 45.2835446079395,6.07147075261441 45.2845942094025,6.07010378061464 45.2865195952339,6.06869169720433 45.2885083776764,6.06607266723306 45.2922288468731,6.06499472171342 45.2937290207489,6.06438642290079 45.2946233795158,6.06316839589965 45.2963175080247,6.06313441494278 45.3002734355737,6.06309481729255 45.3039880205279,6.06303695896106 45.3111552892991,6.06298775395025 45.3169012658249,6.06298219076187 45.3187505141744,6.06534881949111 45.3235039808991,6.0672900636752 45.3274157122928,6.06869484796901 45.3302121252811,6.06991446437051 45.3327063228313,6.07144380967578 45.3354398196621,6.07345749980581 45.3390746435684,6.07448218872127 45.3409704040007,6.07659194675062 45.3437699035172,6.07830139861377 45.3461208047552,6.0822231207072 45.3514016442283,6.08503796468453 45.3551935685727,6.0862604660271 45.3568639168252,6.08667205745976 45.3588458810692,6.08737450700935 45.3622219931897,6.08772130844525 45.363818255203,6.08894772786717 45.3696985947687,6.08939717428711 45.3719904073577,6.08973370482687 45.3736067775208,6.09185998742219 45.3835219198164,6.09289857152042 45.3885847005519,6.09333652120291 45.3906641607479,6.09383263744172 45.3931448258431,6.09415194980654 45.394539088269,6.09439820899799 45.3958614746663,6.09532348087776 45.400649832579,6.09582629088697 45.4034312958576,6.09645314511829 45.4068770817106,6.09749662563497 45.4127011979803,6.0981115074031 45.4173746822497,6.09844848777349 45.4197471053457,6.09925493728194 45.4256958327711,6.10000980849706 45.4290650903275,6.10181970400622 45.4314994980969))",LIGNELEC0000000024796857
"MULTILINESTRING ((5.66182728386678 44.9553343729714,5.66160426325872 44.9518938684353,5.66215862660122 44.9512517831868))",LIGNELEC0000000024796861
"MULTILINESTRING ((5.74282408213783 45.0936355728147,5.74263315983017 45.0931402501388,5.74231337766144 45.0914957964589,5.74127399270426 45.0911015335103,5.73960410669221 45.0904804123248,5.74000656421899 45.0889344165595,5.73853736696889 45.0887218767054,5.73856619975338 45.088609451794))",LIGNELEC0000000024796866
"MULTILINESTRING ((5.6722543222385 45.0998637660176,5.66414536751419 45.1004570073234))",LIGNELEC0000000024796940
"MULTILINESTRING ((5.78293542516422 45.2030637041062,5.78585751670867 45.204386449141,5.78761994036947 45.2056326659569,5.7878239404341 45.206093380314))",LIGNELEC0000000024796879
"MULTILINESTRING ((5.77646354628047 45.0542238368587,5.7859041905429 45.0578576237725,5.78674880317382 45.0582518289957,5.79084101618367 45.0600170224845,5.79435744526882 45.0614478523136))",LIGNELEC0000000024796873
"MULTILINESTRING ((6.02786711769269 45.1187175895232,6.0264710890128 45.1172390091594,6.02533513771284 45.116073232841,6.02336927974925 45.1141505411822))",LIGNELEC0000000024796892
"MULTILINESTRING ((6.00161686578939 45.3849279408335,6.00190994237192 45.3855247259924,6.00434448885363 45.3849998852844))",LIGNELEC0000000024796926
"MULTILINESTRING ((5.67047775067562 45.2167483556534,5.66855984760227 45.2188645548055,5.66709653545413 45.2206797618819,5.66585705217942 45.2225923128767,5.66436682313895 45.2245684904667,5.66255019380386 45.2265731489339,5.66067083123817 45.2290027100717,5.65906187007949 45.2311969628694,5.66322432134621 45.2331086969297))",LIGNELEC0000000024796989
"MULTILINESTRING ((5.64074374623439 45.2266484612099,5.64006004576772 45.2284727862531))",LIGNELEC0000000024796991
"MULTILINESTRING ((5.9081493244636 44.816279276649,5.90785015924864 44.8156348455389,5.89971123491364 44.8200445203497,5.89462492235891 44.8227675780206,5.88673175864535 44.8252490622803,5.88349726036347 44.8262845845606,5.87428190514921 44.8291959335799,5.86718916198366 44.8314435248229,5.85781782648573 44.8347800305996,5.85774334384847 44.833913463365))",LIGNELEC0000000024796737
"MULTILINESTRING ((5.59199324715038 45.2823515805485,5.58987701317356 45.2841835389735,5.58169247886734 45.2928270215184,5.57630476231312 45.2984567718969,5.57251235332014 45.3027720652722))",LIGNELEC0000000024796929
"MULTILINESTRING ((5.59199324715038 45.2823515805485,5.59269106963394 45.2780127864313,5.60103719609439 45.2634546335427,5.60168835051123 45.2630286590639))",LIGNELEC0000000024796920
"MULTILINESTRING ((5.57251235332014 45.3027720652722,5.57672822320162 45.2986425157719,5.582242261943 45.2928746897035,5.5902510512496 45.2844604664198,5.59199324715038 45.2823515805485))",LIGNELEC0000000024796930
"MULTILINESTRING ((6.04669267216128 45.1500667171353,6.04483131438693 45.1538335990469,6.04457647939077 45.154578539635,6.04429004677445 45.1553513743586,6.04367002981288 45.1567100022197,6.04292914783073 45.1582584469081,6.04215088494906 45.160056603625,6.04146623250902 45.1617503801154,6.04087029816254 45.1632029474799,6.03966899770544 45.1661705031019,6.0394507657008 45.1667711616771,6.03932596587022 45.1673800875211,6.03898095612678 45.1692790513007,6.03855843441362 45.1712756396872,6.03815758821197 45.1739519526309,6.03784382072831 45.1760753332845,6.03768607164157 45.1771329921106,6.03745504320449 45.178834215744,6.03693908484945 45.1809189448574,6.03665584366751 45.1820358846379,6.03614016902162 45.1841737660898,6.03577987276675 45.1856081786862,6.03528214083591 45.1876788879106,6.0350263858074 45.1886463972554,6.03516120580552 45.1893681027848,6.03549359742164 45.19081701607,6.03586432852065 45.192455015231,6.03629861415496 45.1944409063563,6.03645255269665 45.195162092034,6.03651380523922 45.1964985368754,6.03647717676126 45.1983314394902,6.03641744863847 45.200559646647,6.03637747975133 45.2020033723636,6.03635438794358 45.2028438127197))",LIGNELEC0000000024796963
"MULTILINESTRING ((5.75441316983475 45.1543675724995,5.75485430440814 45.1539917911251,5.75859927179075 45.1532469484993,5.76025816414167 45.1518769958994,5.76477410278586 45.1516381211321,5.76794879881371 45.1523918786146,5.77032345321556 45.1545474995053,5.77209832458614 45.1562116384796,5.77409147069372 45.1580379048089,5.77608802597347 45.1598532431081,5.77974633434035 45.1606135672358,5.78975041561319 45.1627208025627,5.79291394570643 45.1633840575391,5.80901605466733 45.1667612317549,5.81309070988844 45.1676262311799,5.82073616539765 45.1724345962939,5.82499194639272 45.1751299172505,5.83699565892058 45.1827307351948,5.84040562781244 45.1848974011997,5.84430504073254 45.1873623447388,5.853229877468 45.1961265934276,5.85737466031823 45.2001958543327,5.86312709817174 45.2040886129059,5.86799185460908 45.2073596779305,5.87807182031363 45.2141624975591,5.8800746320562 45.2155236615086,5.88641921187939 45.2198091078322,5.88901618300545 45.2228369828535,5.89107249558815 45.2252435779922,5.89915474888333 45.2346850336798,5.90179768889471 45.2378096768719))",LIGNELEC0000000024796977
"MULTILINESTRING ((5.31755605140422 45.1215771815711,5.31748064118853 45.121998517637,5.31934346612891 45.1235028414445))",LIGNELEC0000000024796865
"MULTILINESTRING ((6.07830263801581 45.0313689430705,6.07677679220526 45.0314435724685))",LIGNELEC0000000024796961
"MULTILINESTRING ((5.55297178894184 45.2844277382036,5.55054943300555 45.2860136571403,5.54487247941149 45.2897790492832,5.5387329403142 45.2938294158979,5.53221586019447 45.2981303192525,5.52590704260881 45.3023162111467,5.52022560997216 45.3060830928595,5.51638107505964 45.3091525138361,5.51277650073874 45.3120596495169,5.50924786008282 45.31493162605,5.4979107744189 45.31846547))",LIGNELEC0000000222413293
"MULTILINESTRING ((5.22163921036143 45.0819947667843,5.21926722520145 45.0856270216065))",LIGNELEC0000000211719294
"MULTILINESTRING ((5.22156180137032 45.0844310402938,5.22294248847216 45.0814850706995))",LIGNELEC0000000211719295
"MULTILINESTRING ((5.90045026224815 45.0878411338954,5.90027090936131 45.0873259238441))",LIGNELEC0000000269643564
"MULTILINESTRING ((6.06883022456002 45.0029038531709,6.06944750546316 45.0030201791991))",LIGNELEC0000000269643618
"MULTILINESTRING ((5.70094865706359 45.1479024792708,5.70074675216187 45.1480713384779))",LIGNELEC0000000269643716
"MULTILINESTRING ((5.62721233227164 45.2928939635871,5.62775750546812 45.2932217083065))",LIGNELEC0000000269643758
"MULTILINESTRING ((5.62710668766115 45.293333399108,5.62763526527514 45.2933633246734))",LIGNELEC0000000269643759
"MULTILINESTRING ((5.82781079932255 45.2018090606814,5.82674844669568 45.2024486419522))",LIGNELEC0000000269643539
"MULTILINESTRING ((5.77780342683586 45.0571202960547,5.77729433572281 45.0563392606414))",LIGNELEC0000000269643506
"MULTILINESTRING ((5.77731003380914 45.0574236077471,5.77769575080045 45.0579725739808))",LIGNELEC0000000269643507
"MULTILINESTRING ((5.77782374672762 45.0579135226605,5.77743337139867 45.0573475550687))",LIGNELEC0000000269643508
"MULTILINESTRING ((5.7779327980788 45.0570377856691,5.7774571045416 45.0563406067457,5.77646354628047 45.0542238368587))",LIGNELEC0000000269643509
"MULTILINESTRING ((6.10017516186647 45.4307672997837,6.10010645861893 45.430522284162,6.09999857451248 45.430354950109))",LIGNELEC0000000269643428
"MULTILINESTRING ((5.9168775633107 45.2665152686544,5.91735622486617 45.2663234674255))",LIGNELEC0000000269643537
"MULTILINESTRING ((5.9180162397927 45.2652087624045,5.91758320672331 45.2655894965442))",LIGNELEC0000000269643538
"MULTILINESTRING ((5.78293542516422 45.2030637041062,5.77883894956473 45.2033630519107,5.77432413056805 45.202785182824,5.77067240534581 45.202288429118,5.76635833274554 45.2016944487266,5.7629919283639 45.2010372123297,5.75900753898266 45.2001996399356,5.7565336616442 45.1986453125948,5.75399669925099 45.1971267274113,5.75192330174472 45.195806587031,5.74989481747728 45.1944132274142,5.74725481904732 45.1951683671362,5.74434740851663 45.1959804709152,5.74160760309149 45.1960297712236))",LIGNELEC0000000024796881
"MULTILINESTRING ((5.81276826939509 45.2134343451176,5.81488562908093 45.2116925275401,5.81669027806401 45.2101973194932,5.81927752472667 45.2078461992931,5.82244972027793 45.2053973377308,5.8249006056999 45.2037099557814,5.82674844669568 45.2024486419522))",LIGNELEC0000000269643540
"MULTILINESTRING ((5.88764803114259 45.2350254261756,5.88890433599187 45.2345613504643,5.89018784155331 45.2356805667569,5.89246940079951 45.2376497345758,5.89573932560716 45.2405483413215,5.8985885268342 45.2420206286216,5.903437313167 45.2445861190449,5.90513748068472 45.2461520784664,5.90620675417955 45.2479704988997,5.90742568771128 45.2500156836648,5.90887182470724 45.2525018601737,5.91080593580637 45.2558042716028,5.91244675911907 45.2589097646686,5.91317980557411 45.2602908805581,5.91356375254836 45.2609972017588,5.91612625282253 45.2633983314076,5.9180162397927 45.2652087624045))",LIGNELEC0000000269643542
"MULTILINESTRING ((6.04697622828178 45.1489155005784,6.04701345175608 45.1496677864958))",LIGNELEC0000000269643560
"MULTILINESTRING ((6.04693999462804 45.1496517716719,6.04697622828178 45.1489155005784))",LIGNELEC0000000269643561
"MULTILINESTRING ((6.04669267216128 45.1500667171353,6.04679239147252 45.1498405252905))",LIGNELEC0000000269643563
"MULTILINESTRING ((5.79167854621811 45.0464871772331,5.79159372224095 45.0468758111722))",LIGNELEC0000000269643511
"MULTILINESTRING ((5.6643651268541 45.2336878257927,5.66336723670316 45.2357008939715,5.66330852417888 45.2376221948359,5.66141875103711 45.2393330650323,5.65963743815663 45.2417161222643,5.65846345252478 45.2434126000224,5.65699659176251 45.2454412678503,5.65558048493273 45.2474398785268,5.65418902836661 45.249422568227,5.6515434612035 45.2512935564397,5.64888832759732 45.2531547950045,5.6463608777551 45.254941769591,5.64392981922204 45.2573390395941,5.64176961522717 45.2594532640494,5.63967231836041 45.2615254160578,5.6375100511475 45.263656718834,5.6355560090608 45.2656082861531,5.6334306800409 45.2676908839457,5.6326468543714 45.2704635003971,5.63186146296839 45.2731775872179,5.63105555867101 45.2759453060426,5.63024052330446 45.2787645867499,5.62973029350469 45.2811487486926,5.62921513227954 45.2835645570657,5.628715693939 45.2859358477205,5.62821625835769 45.2882539810096,5.62764362005942 45.2909152866976,5.62721233227164 45.2928939635871))",LIGNELEC0000000024796909
"MULTILINESTRING ((5.6651772061782 45.2340315330371,5.6643651268541 45.2336878257927))",LIGNELEC0000000105372881
"MULTILINESTRING ((5.76604628725087 44.8804183991259,5.76674334103477 44.8773370849448,5.76924341290291 44.874875662297,5.77205620070715 44.8721063725147))",LIGNELEC0000000024796749
"MULTILINESTRING ((5.85734159257829 44.8339057947055,5.85668151282163 44.834619206415,5.84959605978943 44.8369618516994,5.84415632617721 44.8386330112861,5.83886280159392 44.8402217760016,5.83671334262535 44.8412371327997,5.82668760873779 44.8460038924416,5.82173208100047 44.8483687941243,5.81445226365794 44.8518221823995,5.80959013263252 44.854149917033,5.80454121907945 44.8565497188222,5.79911052547159 44.8591508045586,5.78912492848079 44.8638562683415,5.78746028469667 44.865078268211,5.78241322691085 44.8686778744379,5.76604628725087 44.8804183991259))",LIGNELEC0000000024796958
"MULTILINESTRING ((6.00119580189824 45.3794947661357,6.00245916872907 45.3776487862472,6.00372503537651 45.3759216688678,6.0061846057002 45.3753474464929,6.00890975373914 45.3746966480532,6.01208078766876 45.3738995241435,6.01642466805783 45.3727355083842,6.02445545510363 45.3718304373285,6.02813353439037 45.3706785318682,6.03227412496179 45.3700167987447,6.036254130931 45.3702793035347,6.03921935725234 45.3711549425915,6.042592462317 45.3721464812719,6.0447299269457 45.3722370657767,6.04651010115793 45.3728302439777,6.04946790165897 45.3728650756341,6.05102271093095 45.3730543105552,6.0527073299878 45.3734886953825,6.05455649063205 45.3742880282262,6.05761776337024 45.3757616254257,6.06051219088224 45.3776623324733,6.06250670835292 45.3788675822979,6.06827128462742 45.3823521618502,6.06905406115685 45.3853450001579,6.07046760590242 45.3869517255827,6.0718490602425 45.3885548102791,6.07400186592117 45.3894653683787,6.0759686276166 45.3900169374699,6.0777243453463 45.3905904927506,6.08007585665098 45.3905826264862))",LIGNELEC0000000024796915
"MULTILINESTRING ((6.00119580189824 45.3794947661357,5.99971376327754 45.3797534405643))",LIGNELEC0000000269657410
"MULTILINESTRING ((5.91785693407695 45.2665041220375,5.91827310748695 45.2663130470639,5.92063545766803 45.265957599234,5.92248451654328 45.2646468958565))",LIGNELEC0000000024796728
"MULTILINESTRING ((5.68551577509083 44.9643518493673,5.68189207651246 44.9657672225002))",LIGNELEC0000000269643672
"MULTILINESTRING ((5.21926722520145 45.0856270216065,5.21714801286667 45.0889074053127,5.21365951836272 45.0944172888002,5.21064673937016 45.0936736195262,5.20610527258063 45.0924079826307,5.20321290556094 45.0921652509755,5.20063275539455 45.0919387987963,5.19824495495304 45.0917526299622,5.19435428961515 45.0914086569187,5.19156575720788 45.0911842976896,5.18816650907192 45.0908853907281,5.18356797652958 45.0897667922163,5.18123786391638 45.0891972181759,5.17791897662753 45.0883776040462,5.17452405859119 45.0875620790159,5.17160339103423 45.0868416971993,5.17026987835131 45.086292105746,5.16543557308772 45.0843513937486,5.16196218248575 45.0829416361982))",LIGNELEC0000000211711073
"MULTILINESTRING ((5.95328486762257 45.1149671186077,5.94699411868182 45.1126638899712,5.94440177123079 45.1105329910499,5.94207768647442 45.1098203800546,5.9396202731481 45.1096923998628,5.93962957665273 45.1094822156969))",LIGNELEC0000000024796965
"MULTILINESTRING ((5.70175334859457 45.1960184769011,5.70166508585401 45.196274679739))",LIGNELEC0000000024796822
"MULTILINESTRING ((5.73476617939932 45.0932155752183,5.73470303144372 45.0931207246936))",LIGNELEC0000000024796829
"MULTILINESTRING ((6.00092204270444 45.3767195014442,6.00110699990395 45.3793655850516))",LIGNELEC0000000024796831
"MULTILINESTRING ((5.70278031835011 45.1966747337061,5.70175334859457 45.1960184769011))",LIGNELEC0000000024796821
"MULTILINESTRING ((5.9796099647897 45.1184239495833,5.97787007906062 45.1184920667019,5.97592469735178 45.1185728510162,5.97394269517339 45.1186590834293,5.97120031233288 45.1182312329446))",LIGNELEC0000002001956682
"MULTILINESTRING ((5.45750642847125 45.0836540778221,5.45668806012836 45.0825659046144,5.45559872101461 45.081068416269,5.45475213287438 45.079943919183,5.45329346205237 45.0779662995603,5.44899682930765 45.0739773837508,5.44366514444265 45.0692408267717,5.43735215173158 45.0665253372167,5.43391541158361 45.0646664273274,5.43153713973934 45.0634085816344,5.42919705070347 45.0621201282462,5.42772153603295 45.06133345791,5.42724146823099 45.0610493542917))",LIGNELEC0000000211718039
"MULTILINESTRING ((5.31934346612891 45.1235028414445,5.31971379687288 45.1253129370745,5.31805813904183 45.1275471024557,5.31642044171315 45.1298493288808,5.31494635700222 45.1319571656061,5.3140287608581 45.1343218727595,5.31318991738825 45.1365002762106,5.31203474007434 45.1395553970809,5.31112879408753 45.1419000205897,5.30977492703454 45.1447421425149,5.30839849131297 45.1459632857372))",LIGNELEC0000000024796674
"MULTILINESTRING ((5.33621542958329 45.0612870078567,5.3335418249517 45.064439045788))",LIGNELEC0000000316161577
"MULTILINESTRING ((5.67210229353432 45.0990250565305,5.66383435863381 45.1000166886064,5.65569034593197 45.1063804702913,5.65592093240844 45.1119831409938,5.6557784260504 45.122452428062,5.65617676563118 45.1255051434476,5.65691814928317 45.1307929653767,5.657401524579 45.1342661890005,5.65875387784799 45.1439881899954,5.65951347615393 45.1496215488331,5.65792933502824 45.1591126667246,5.657404499999 45.1617576622442,5.65626157267712 45.1637786185905,5.65436054103378 45.1671870005367,5.6530670937891 45.1695024996206,5.6501748936902 45.1747118841319,5.64992855195117 45.1806854436064,5.64971037416842 45.1860457124341,5.64954263579906 45.1908858563463,5.64843224516616 45.1954636790841,5.6459465941671 45.1974055523661,5.63195585738435 45.2084121703995,5.62950830879009 45.2119167573978,5.62720901121123 45.2152195960226,5.62585915660162 45.2171964314306,5.62452831899826 45.2190646917259,5.62316440015692 45.2210174974189,5.62008558615747 45.226115097529,5.61394195121495 45.2362637458727,5.61170306464423 45.2399170836606,5.59921098315244 45.2499527084737,5.59534597243031 45.253066015461,5.5911832384665 45.2563968982159,5.58829531805435 45.258731420097,5.57979156490205 45.2676794931462,5.5750457451232 45.2702249848082,5.56989672477531 45.2729732316448,5.5661710386833 45.2751633395166,5.56348235030091 45.2767403508626,5.56018903647381 45.278936551541,5.54923802567103 45.2861372561785,5.54335306179497 45.2899892928722))",LIGNELEC0000000024796852
"MULTILINESTRING ((5.52485460471561 45.3095147369492,5.52530335834495 45.3066559615112,5.53027896925066 45.3029543335754,5.53471298794428 45.2996521350586,5.53936532938074 45.2961943432824,5.54321567264506 45.2933266625933,5.5464011819678 45.2903028107128,5.54854180777421 45.2881594416744,5.55297178894184 45.2844277382036))",LIGNELEC0000000024796855
"MULTILINESTRING ((5.33185877594617 45.06599031031,5.33138694481166 45.0682107091938,5.33065127984464 45.0716661970083,5.33017008681412 45.0738777799996,5.32966893310229 45.0762825467559,5.32909472948475 45.0789491659135,5.32862086194603 45.0812785935658,5.32828831771777 45.0827583278796,5.32748161196498 45.0865936143668,5.32696259992132 45.089094228377,5.3265530202677 45.0909863261093,5.32584867591389 45.0934664835843,5.32519067945034 45.0958393769245,5.32469823962801 45.0976377138419,5.32403685799906 45.1000539092657,5.32326587509305 45.10277234823,5.32309628528401 45.1055169842817,5.32288197479257 45.1084409099067,5.32257741678121 45.1125611654992,5.32238966908198 45.1153296046369,5.32219225546734 45.1179270958053,5.3221253092043 45.120143537986,5.31934346612891 45.1235028414445))",LIGNELEC0000000024796738
"MULTILINESTRING ((5.42698603719998 45.0610504164262,5.42595135324552 45.0615765130482,5.41898754561444 45.062904433273,5.41467724165232 45.0630195791953,5.41244910355153 45.0630795711178,5.41081091440601 45.0631141396452,5.40586139718408 45.0632328682872,5.40172840635212 45.0633634998663,5.3902404233925 45.0624692992793,5.38722913720843 45.0622267063402,5.38455097517977 45.0619264565086,5.37674107347475 45.0610421515659,5.37532351005764 45.0608832244131,5.35727629384257 45.0587939690044,5.35352307818331 45.0585796848041,5.35175509576582 45.058486416096,5.3485241140117 45.0582681422615,5.34448987590198 45.0580180445051,5.34336986194964 45.0584956113482))",LIGNELEC0000000024796862
"MULTILINESTRING ((5.64006004576772 45.2284727862531,5.63822132556381 45.2305433169697,5.63173536616182 45.2353522968384,5.62805518022447 45.238107472905,5.62558204142272 45.2399908957739,5.62103686652589 45.2438094223063,5.61488616228507 45.2490860905939,5.61294934222851 45.2507575614495,5.60976013213267 45.252706905505,5.60851233492618 45.2534351535257,5.60571822974926 45.2551931673681,5.60200248947113 45.2574599667077,5.59973557498749 45.2588785145766,5.59809556274844 45.2598734261604,5.58432169426844 45.2671775480337,5.58217888615219 45.2682910476224,5.57945661215287 45.2697322958845,5.57745431693478 45.2707983139244,5.5751987262526 45.2719620227995,5.57083948107639 45.2742975164024,5.56721396418853 45.2761979646839,5.56550430093529 45.2775047896658,5.56268731142517 45.2796522961356,5.55537883487094 45.2851268141353,5.55177554056268 45.2879847942359,5.54777518884404 45.2909598068382,5.54421473391875 45.2936264623182))",LIGNELEC0000000024796693
"MULTILINESTRING ((5.31741378486282 45.1215522139697,5.31717668406685 45.1216949625921,5.31519381107032 45.1227261209358,5.3142723657626 45.1232118588758,5.31170161675312 45.1222148644946,5.30944784649095 45.1213427631671,5.30685797806077 45.1203406524513,5.30434876177601 45.1193791538808,5.30157957422555 45.118281544444,5.30018662858739 45.1180697806201,5.29690855821166 45.1174951017908,5.29356517191601 45.1169081600072,5.29144370823271 45.1166130875436,5.28939052133324 45.1162760380908,5.28692214237143 45.1157096627971,5.28389767629394 45.1147961171332,5.28114986460201 45.113957000547,5.2782924682106 45.1131425770204,5.27587029761346 45.1124236881006,5.27263857396273 45.1117536819256,5.2699320832916 45.1112035026144,5.26735907454363 45.1106811702834,5.26453643621425 45.1100872851786,5.26164816592869 45.1095045699384,5.25921308986289 45.1089918653528,5.25634519427949 45.1083752738513,5.254859197516 45.1079585605305,5.25144467046967 45.1068421664299,5.24694815069957 45.1049422026179,5.2429173091593 45.1036091832085,5.23885583487697 45.1022685308201,5.23542745585573 45.1011384280631,5.23294139273831 45.1002568744998,5.23038101978945 45.0993596398815,5.22730749139711 45.0983807268989,5.22515435337893 45.0977094338315,5.22267615398104 45.0970175606224,5.21964619164499 45.0961681826767,5.21657790345243 45.0951195196412,5.21980564131483 45.0882041560176,5.22156180137032 45.0844310402938))",LIGNELEC0000000211719293
"MULTILINESTRING ((5.30854921346561 45.1460682618105,5.30883339239336 45.1458912295266,5.30991427333658 45.145218479246,5.31134913460631 45.1421188517229,5.31236775296747 45.1396367713374,5.31364140070896 45.1365539668748,5.31446380108366 45.1344398571873,5.31710860001667 45.1338012250823,5.32094505598509 45.1328386718235,5.32357504494892 45.1321839774392,5.32749261527906 45.1312186038614,5.33005174999701 45.131920031993,5.33292413249318 45.1327157399883,5.33583130407217 45.1335196552473,5.33850169588953 45.1342591000905,5.34183803800933 45.1351871815293,5.3449577310757 45.1360449544006,5.34752538922991 45.1367566221684,5.34889040076061 45.1376503070298,5.35035337658437 45.1388445827307,5.35225103217257 45.1401134496126,5.35402707593327 45.1412731529334,5.35632660755261 45.1428316403223,5.35696420923657 45.1440964174013,5.35709718014582 45.1461015121927,5.35723129905901 45.1480732537374,5.35736187660447 45.1499910224275,5.35798424012169 45.1517668800146,5.3587597530724 45.1539727883646,5.35962224980594 45.1556444737903,5.36062261633935 45.1575645642487,5.36164555350508 45.1597156795638,5.36297328774714 45.1614549670253,5.36436500139203 45.1630793826703,5.36682857110673 45.1642738839817,5.36892930286853 45.1654075748087,5.37063190731052 45.1663397961526,5.3724359852687 45.1673211823281,5.37458818686353 45.1679528218909,5.37640331581584 45.1692807279147,5.3783276240957 45.1706882547185,5.38059736425963 45.1723694396262,5.38219612905054 45.1736640393682,5.38471432143588 45.1758488096915,5.38522736188316 45.1770359445469,5.38553559219875 45.1798381331826,5.38511065831371 45.1827712980631,5.38613763113459 45.1841195074721,5.38753866942563 45.1859029162822,5.38921654495855 45.1879317167292,5.39050651211531 45.1894967676857,5.39184422359258 45.1911337502195,5.39306197727801 45.1925859174346))",LIGNELEC0000000269643952
"MULTILINESTRING ((5.34443201976926 45.0577292093811,5.34336986194964 45.0584956113482))",LIGNELEC0000000211719383
"MULTILINESTRING ((5.3335418249517 45.064439045788,5.33185877594617 45.06599031031))",LIGNELEC0000000211719384
"MULTILINESTRING ((5.34445471190789 45.0578764605663,5.34336986194964 45.0584956113482))",LIGNELEC0000000211719385
"MULTILINESTRING ((5.4876150024933 45.0806905938644,5.48567231289395 45.0821248495691,5.48220192644496 45.0847236675286))",LIGNELEC0000000316161600
"MULTILINESTRING ((5.66322432134621 45.2331086969297,5.66462013871709 45.2336610218004,5.66526980497707 45.2339680599579))",LIGNELEC0000000024796659
"MULTILINESTRING ((5.60168835051123 45.2630286590639,5.60306964462013 45.2617379120554,5.60443180569692 45.2598205516606,5.60539346408061 45.2584791897783,5.60640540703224 45.2570411485714,5.60755625046947 45.2554376907853,5.60887356117867 45.2536042028084,5.61006067367104 45.2519611306947))",LIGNELEC0000000024796918
"MULTILINESTRING ((5.69998112914015 45.1034190262386,5.70550938593306 45.1054598071571,5.70864734282396 45.1064728167621))",LIGNELEC0000000024796661
"MULTILINESTRING ((5.72545902506159 45.0927354665599,5.72549071034391 45.0942464581011,5.72537130186247 45.0957890745078))",LIGNELEC0000000024796756
"MULTILINESTRING ((5.92265614951414 45.2700856474401,5.92223666823552 45.2697515130088,5.92103601640366 45.268901670277,5.91943366799643 45.2681533145079,5.91817609679429 45.2671409394233))",LIGNELEC0000000024796803
"MULTILINESTRING ((5.7141351110065 45.1053347810248,5.7106391859425 45.1056504946889))",LIGNELEC0000000024796804
"MULTILINESTRING ((5.77729433572281 45.0563392606414,5.77632219891765 45.0543210592911))",LIGNELEC0000000024796748
"MULTILINESTRING ((6.00110699990395 45.3793655850516,6.00319677945587 45.3829509197363,6.00434448885363 45.3849998852844))",LIGNELEC0000000024796811
"MULTILINESTRING ((5.9180162397927 45.2652087624045,5.91712914250723 45.2653247272422))",LIGNELEC0000000024796854
"MULTILINESTRING ((6.08008291311496 45.0296833516623,6.07848237600662 45.0297853026228,6.07663525291742 45.0300247017461))",LIGNELEC0000000007469170
"MULTILINESTRING ((5.73879137979101 45.0946086714576,5.73598445629956 45.0952902606899,5.72922433114525 45.096913742768,5.72864762282463 45.0983891829045,5.72725132122804 45.1019955724139,5.72665391947474 45.1035183566029,5.72532676893648 45.1043733712192,5.72326255353163 45.105715767946,5.72096810533031 45.1071916778985,5.71852730520128 45.1087738142457,5.71764456692502 45.1093539191624,5.71402387358896 45.1096727755185,5.70991958340236 45.1081266321776,5.70977382406141 45.1080067483223))",LIGNELEC0000000024796743
"MULTILINESTRING ((5.68533110606944 44.9642319874271,5.68189207651246 44.9657672225002))",LIGNELEC0000000269643670
"MULTILINESTRING ((5.66322432134621 45.2331086969297,5.66164532579514 45.2346220657589,5.6601740350161 45.2362833027443))",LIGNELEC0000000024796707
"MULTILINESTRING ((5.70094865706359 45.1479024792708,5.70083715006266 45.1473078589104,5.69935135721263 45.1475177064361,5.69644527602597 45.1476861991041,5.69705143010362 45.1494292672331))",LIGNELEC0000000024796678
"MULTILINESTRING ((6.00092204270444 45.3767195014442,6.00048133928501 45.3784334901659,6.0000711955036 45.3793870300029,5.99959220157681 45.3795620587674))",LIGNELEC0000000024796650
"MULTILINESTRING ((5.73322328590452 45.0867621873303,5.7360638816868 45.0850095206591,5.73633082578343 45.0849290882423))",LIGNELEC0000000024796656
"MULTILINESTRING ((5.70040243463018 45.1025547415741,5.70673270661874 45.1046345856376,5.70782952869029 45.1050854362014))",LIGNELEC0000000024796942
"MULTILINESTRING ((5.76963912001369 45.0521675566093,5.76748415948466 45.0501769022624,5.76300726409721 45.0463563899486,5.76309899315299 45.0445594464962))",LIGNELEC0000000024796711
"MULTILINESTRING ((5.6991120521897 45.0648175900027,5.69919167272107 45.062489494407,5.70127184896869 45.0608147081427,5.70546471470175 45.0574353930102,5.7104465284869 45.0534556180345,5.71117433740841 45.0528162666468,5.71194788170393 45.0528848193968))",LIGNELEC0000000024796717
"MULTILINESTRING ((5.99966377134748 45.379679988223,6.00110699990395 45.3793655850516))",LIGNELEC0000000024796739
"MULTILINESTRING ((6.02562846633941 45.442923855615,6.02588494432302 45.4440604569566,6.02617353267464 45.4452223240521,6.02648304227424 45.4462980196175))",LIGNELEC0000000121830803
"MULTILINESTRING ((6.10017516186647 45.4307672997837,6.10181970400622 45.4314994980969))",LIGNELEC0000000220882513
"MULTILINESTRING ((5.70166508585401 45.196274679739,5.70252872613652 45.1968736271001))",LIGNELEC0000000024796820
"MULTILINESTRING ((5.64006004576772 45.2284727862531,5.63782365817076 45.2304382902533,5.63660260931703 45.2310401072844,5.63257335484878 45.2331423998057,5.63085843527182 45.2340350759719,5.62531876914479 45.2369177211793,5.62383520384118 45.2376643038697,5.61962740230222 45.2398676026435))",LIGNELEC0000000024796663
"MULTILINESTRING ((6.12001482355256 45.0272032232656,6.11701309568466 45.0279253031309,6.11616353971702 45.0289844385594,6.11315542283303 45.0310104557394,6.1116421403118 45.0328188948714,6.11011650280734 45.0346582936035,6.10860320404858 45.0364928195421,6.10199157313384 45.0354725286087,6.09858594348007 45.0347645276777,6.09613021942449 45.0342498682993,6.0856650248536 45.0307893254713,6.08008291311496 45.0296833516623))",LIGNELEC0000000024796652
"MULTILINESTRING ((5.62700584579038 45.2931708968224,5.62771772200631 45.2932712936393))",LIGNELEC0000000024796651
"MULTILINESTRING ((5.70040243463018 45.1025547415741,5.70731134962164 45.1042628629266,5.70827387051339 45.1045412899376))",LIGNELEC0000000024796684
"MULTILINESTRING ((5.73879137979101 45.0946086714576,5.73750356889462 45.0935835142026,5.73578926007266 45.092730984124,5.73493555794599 45.093115918887))",LIGNELEC0000000024796685
"MULTILINESTRING ((5.61182657494289 45.304551126809,5.61495971849705 45.302759844581,5.61792486503755 45.3010651989668,5.62109342997033 45.2991395696189,5.62378382532905 45.2972025417628,5.62615871671996 45.2947232841691,5.62710668766115 45.293333399108))",LIGNELEC0000000024796686
"MULTILINESTRING ((5.73493555794599 45.093115918887,5.73485283181124 45.0930368648906))",LIGNELEC0000000024796687
"MULTILINESTRING ((5.9168775633107 45.2665152686544,5.91726510244055 45.2662402463872))",LIGNELEC0000000024796980
"MULTILINESTRING ((5.77524702566816 44.9409162377131,5.77884616371469 44.9402082719841,5.78213274723817 44.9395683743057,5.78560029971881 44.9388959131455,5.78618518356735 44.9357082137258,5.78514588467659 44.9329152951527,5.7849379851321 44.9312321871348,5.78564771689469 44.9277503714145,5.78598073677707 44.9246771053026,5.78619050190481 44.9220078384551,5.78640908735629 44.9197716914453,5.78640614838737 44.9168798311101))",LIGNELEC0000000024796677
"MULTILINESTRING ((5.70592703118602 45.1052046159627,5.70169139106666 45.1005342590175,5.69977212839225 45.0983014287405,5.69953744556614 45.0957331733731))",LIGNELEC0000000024796694
"MULTILINESTRING ((5.61962740230222 45.2398676026435,5.61816952649115 45.2406756682823,5.61101483176547 45.2507649398683,5.61006067367104 45.2519611306947))",LIGNELEC0000000024796774
"MULTILINESTRING ((5.70030893994669 45.1809932438963,5.70035040550854 45.1825878101224,5.70232037501679 45.1849393436897,5.70230477577428 45.1871434311328,5.70228957453334 45.1894610290631,5.70242579765401 45.1927218562258,5.70175334859457 45.1960184769011))",LIGNELEC0000000024796779
"MULTILINESTRING ((6.06883022456002 45.0029038531709,6.0694587208738 45.0028540754359))",LIGNELEC0000000024796777
"MULTILINESTRING ((5.77074542518029 45.1815579413911,5.77162789582263 45.1830640762661,5.77239796197034 45.1844351493356,5.77334902404136 45.186089131468,5.7743309313357 45.187772973927,5.77527663959472 45.1894450962593,5.77628986496507 45.1912182444763,5.77784883012026 45.1934327991786,5.77896284778784 45.1958962713877,5.78036781938784 45.1984425881893,5.78181676160918 45.2010247364655,5.78293542516422 45.2030637041062))",LIGNELEC0000000024796842
"MULTILINESTRING ((5.93608533237449 45.1068311201034,5.93682773611437 45.1073999280305,5.93757906803991 45.1080414790912,5.93834786833204 45.108651930305,5.9391665856746 45.1093160229379))",LIGNELEC0000000024796893
"MULTILINESTRING ((5.65692716532396 45.2088415420139,5.65653784042365 45.2099265168517,5.65682061003838 45.2124387943338,5.6593260195509 45.2141675104777,5.66127147214076 45.2154842790151,5.66346820421606 45.2156544396747,5.66677705418657 45.2162367623042,5.67047775067562 45.2167483556534))",LIGNELEC0000000024796885
"MULTILINESTRING ((5.60701306135593 45.3047327914546,5.61054604219198 45.3035972035342,5.6135160542626 45.302002568534,5.6168915953963 45.3003208834365,5.61987692848593 45.2987608501847,5.62264831748589 45.296537257731,5.6249393430396 45.2947429022083,5.62700584579038 45.2931708968224))",LIGNELEC0000000024796900
"MULTILINESTRING ((5.61962740230222 45.2398676026435,5.6178919565569 45.2405218081855,5.61067967846591 45.2506349293088,5.61006067367104 45.2519611306947))",LIGNELEC0000000024796916
"MULTILINESTRING ((5.61962740230222 45.2398676026435,5.61802501231838 45.2405853587257,5.61084379096054 45.2507076734793,5.61006067367104 45.2519611306947))",LIGNELEC0000000024796917
"MULTILINESTRING ((5.61962740230222 45.2398676026435,5.61831110700063 45.2407849657904,5.61117929190993 45.250817855164,5.61006067367104 45.2519611306947))",LIGNELEC0000000024796919
"MULTILINESTRING ((5.59199324715038 45.2823515805485,5.59315968546655 45.2781289479717,5.601405618741 45.2637496696872,5.60168835051123 45.2630286590639))",LIGNELEC0000000024796921
"MULTILINESTRING ((5.59199324715038 45.2823515805485,5.59292298374002 45.2780605623795,5.60122809366305 45.2636087530519,5.60168835051123 45.2630286590639))",LIGNELEC0000000024796922
"MULTILINESTRING ((5.59199324715038 45.2823515805485,5.59340942784498 45.2782033370234,5.60152759445403 45.2647504563799,5.60168835051123 45.2630286590639))",LIGNELEC0000000024796923
"MULTILINESTRING ((5.68142028201245 44.9652425749738,5.68493142790626 44.9639416448784))",LIGNELEC0000000024796944
"MULTILINESTRING ((5.68189207651246 44.9657672225002,5.67504424844828 44.9642457352824,5.67067400853566 44.9632886589114,5.66535383468618 44.9620983426464,5.6628578696183 44.9600951440266,5.66141757807542 44.958970205342,5.66182728386678 44.9553343729714))",LIGNELEC0000000024796953
"MULTILINESTRING ((5.66284774796754 44.9514704051518,5.66271202553277 44.9522186794495,5.66372348377731 44.9552952588677))",LIGNELEC0000000024796954
"MULTILINESTRING ((6.03635438794358 45.2028438127197,6.03644470642356 45.203121594031,6.03494508829476 45.2086860302437,6.03465825154508 45.2090137126262))",LIGNELEC0000000024796964
"MULTILINESTRING ((5.74282408213783 45.0936355728147,5.74207583658386 45.093835977533,5.73879137979101 45.0946086714576))",LIGNELEC0000000024796972
"MULTILINESTRING ((5.73493555794599 45.093115918887,5.73476617939932 45.0932155752183))",LIGNELEC0000000024796974
"MULTILINESTRING ((5.77592304520283 45.0547301287737,5.77713390849179 45.0563594785957,5.777682137906 45.0571863876583))",LIGNELEC0000000024796968
"MULTILINESTRING ((6.02786711769269 45.1187175895232,6.02962960259431 45.1198176602084,6.03188770878635 45.1213953083641,6.0344601070795 45.1225237378366,6.03551059312264 45.1233520557699,6.03700648291474 45.1245998447438,6.03917896537433 45.1263274662077))",LIGNELEC0000000024796962
"MULTILINESTRING ((5.72545902506159 45.0927354665599,5.72995193402545 45.0891776090526,5.73322328590452 45.0867621873303))",LIGNELEC0000000024796976
"MULTILINESTRING ((5.78813337127978 45.2061388118127,5.78842871954546 45.2057494196391,5.79090736483066 45.2061767241568,5.79339531909006 45.2066109496441,5.79717144522001 45.2069092436032,5.80075025874976 45.2077700718885,5.80364351506658 45.208251569139,5.80627583078915 45.2086629670459,5.80844018606033 45.2090446294609,5.80999012776234 45.2105382218005,5.81121363174421 45.211901261029,5.81276826939509 45.2134343451176))",LIGNELEC0000000024796978
"MULTILINESTRING ((5.6722543222385 45.0998637660176,5.67503586251815 45.1037097136309,5.67615269337218 45.1060460079617,5.67768114291695 45.1092444962083,5.68277018327544 45.1082374254017,5.69072157367482 45.1066232059536,5.69998112914015 45.1034190262386))",LIGNELEC0000000024796985
"MULTILINESTRING ((5.67210229353432 45.0990250565305,5.67400052876101 45.0999903535738,5.67569734255241 45.1031776104428,5.6771965771128 45.105901117407,5.67861257521743 45.1085040849088,5.68331299120359 45.1075657867747,5.69062676213965 45.1061335908585,5.70040243463018 45.1025547415741))",LIGNELEC0000000024796986
"MULTILINESTRING ((5.71205476291382 45.0529921284433,5.711331977396 45.0530268470563,5.71061030233034 45.0536354189494,5.70573843264071 45.0575494659201,5.70151168453134 45.0609377217865,5.69949295607053 45.0625686802222,5.6991120521897 45.0648175900027))",LIGNELEC0000000024797007
"MULTILINESTRING ((5.82674844669568 45.2024486419522,5.82789095337773 45.2018818132461))",LIGNELEC0000000024796979
"MULTILINESTRING ((5.77592304520283 45.0547301287737,5.76967802612827 45.051798103828,5.77350999481155 45.0496422672878,5.7819378235746 45.0480085256678,5.7851385032537 45.0473546063863,5.7916170178017 45.047444626946))",LIGNELEC0000000024796967
"MULTILINESTRING ((5.70858799787778 45.1059832521855,5.70592703118602 45.1052046159627))",LIGNELEC0000000024796988
"MULTILINESTRING ((5.92248451654328 45.2646468958565,5.9191654312181 45.2645912701304,5.91691410477939 45.2651411197799))",LIGNELEC0000000024796776
"MULTILINESTRING ((5.91827926862669 45.2670886880697,5.92212736988477 45.2668151473595,5.92356584971425 45.2667018418336,5.92633689265983 45.2682250858726,5.92851351757078 45.2694097275276,5.93116248377728 45.270863072825,5.93449166079748 45.2727021770708,5.93737838875362 45.2742779935174,5.93904711825072 45.2761074302694,5.94147045612276 45.2787874160515,5.94266683821178 45.2801021142473,5.9459816460254 45.2837758449392,5.94778457091402 45.2857665282318,5.95053522051357 45.2880547624637,5.9529285986449 45.2900045602232,5.95648046318032 45.2929491030301,5.95894802608827 45.2949175481192,5.96190045114341 45.2972614647154,5.96361411069414 45.2996669800166,5.96568579388132 45.3025829003036,5.96890019112348 45.3068579212157,5.97071191743268 45.3092472288183,5.97201947695466 45.3110164511881,5.97243654236966 45.3147151093782,5.97247629259861 45.317254195157,5.97257202057123 45.3221337017331,5.97265985995289 45.3264105994628,5.9720867627574 45.3292426034004))",LIGNELEC0000000024796750
"MULTILINESTRING ((6.02991835693155 45.4325775611211,6.02983571308274 45.4327519091869,6.02976284621673 45.4329647411611,6.02954486226046 45.4346944785575,6.02948056146472 45.4352053501497,6.02772437195815 45.43745784058,6.02681915909436 45.4386041806047,6.02598956855915 45.4397295478508,6.02513566792043 45.44080870593,6.02538965710691 45.4417354134757,6.02562846633941 45.442923855615))",LIGNELEC0000000024796872
"MULTILINESTRING ((5.90179768889471 45.2378096768719,5.91381028058123 45.2457973846477,5.91512113653571 45.2473517282472,5.9227887326951 45.256360109306,5.92440167913674 45.2589210397352,5.9260439865166 45.2615280379702,5.92336290682538 45.2639517411003,5.91884544033414 45.264328412217,5.91674621127427 45.2649806098915))",LIGNELEC0000000024796951
"MULTILINESTRING ((6.02093378532729 45.4279405005676,6.02301118244873 45.4293587208905,6.02569579261276 45.4308326066007,6.02774857906181 45.4316773963971,6.02921145684378 45.4324290577089,6.02991835693155 45.4325775611211))",LIGNELEC0000000269643431
"MULTILINESTRING ((5.77769575080045 45.0579725739808,5.77847207178589 45.0603713485428,5.77866951985518 45.060968254963,5.77902980835546 45.0620025622434,5.77947129913455 45.0631357486459,5.78043707660624 45.0655577177097,5.78137080090506 45.0680237280313,5.78234109882555 45.0705843213868,5.7827293882567 45.0728432170997,5.78267222058836 45.0756808418647,5.78155457910468 45.0771646930936,5.78052403041024 45.0783553509594,5.78049089410146 45.0787886349929))",LIGNELEC0000000024796679
"MULTILINESTRING ((5.77566928444919 45.0547905109946,5.76989973860602 45.0526052381742,5.76437665979398 45.055836315968,5.76076605382455 45.057805246255,5.75721586977958 45.0597671527035,5.7535103007565 45.0618571120483,5.75225548923445 45.0656270184975,5.75145889191481 45.0681702268416,5.75076132746656 45.0717461620607,5.74986707121019 45.0765990757098,5.74920474844357 45.0801200775616,5.74810714864324 45.0859645282389,5.74767342231193 45.0883185724272,5.74685577166648 45.0926704585169,5.74282408213783 45.0936355728147))",LIGNELEC0000000024796970
"MULTILINESTRING ((5.85754183596673 44.8339096455043,5.85723750737322 44.8346472294522,5.85015163831439 44.8371809158384,5.84742143859672 44.8380492417088,5.84447132176439 44.838977192587,5.83969727942821 44.8404724943489,5.83800647360898 44.8419689348532,5.83576208879736 44.8439146402387,5.83148222430141 44.8478140892196,5.8271753953927 44.8517933302262,5.82166722969829 44.8569065637331,5.82019840788502 44.8582267993351,5.817104672921 44.8610675695502,5.8155865146143 44.8624943992448,5.81165049518423 44.8661059308709,5.80898407218152 44.8708951129779,5.8056269706445 44.8776926971394,5.80494456981782 44.8791234702791,5.80292413509996 44.8799474827742,5.80213977519397 44.8886007132432,5.80156796678391 44.8910070648059,5.80084903250421 44.8940216378133,5.80018486245797 44.8967636510964,5.79915570942876 44.9010581274123,5.79820552161261 44.9050073577603,5.79725548498551 44.9090385609411,5.79660253255063 44.9116820742092,5.79572140332497 44.9154214366631,5.79519415993922 44.9175626711051,5.79544695848068 44.9202176211594,5.79573846193101 44.9232923286043,5.79588643440307 44.925013865597,5.79611311690401 44.9274235276748,5.79635857853057 44.929980469987,5.7965820646209 44.9324523797752,5.79682325004103 44.9347193365078,5.79700582188827 44.9369805626656,5.79721733775855 44.9393131358033,5.79757996182493 44.9430464489852,5.79777776260433 44.9451541401843,5.79800561269686 44.9476601867207,5.79826683896941 44.9504023388123,5.79851700059946 44.9531510782093,5.79879248656496 44.9560253123516,5.79903213844719 44.958943695829,5.79934778707559 44.9619349455973,5.79955104303167 44.9640983690589,5.79973678606923 44.9662919656672,5.80009104557165 44.969800286047,5.80033336757714 44.9726933881619,5.8006320000861 44.9756967905339,5.80082959782648 44.9780243355368,5.80106809032579 44.9806616752015,5.80130469409361 44.9831846454473,5.80151564759654 44.9855496985656,5.80177073685442 44.9877307510022,5.80195248096047 44.9899172561185,5.80219363572692 44.992326600006,5.80241906876281 44.9948273366103,5.80263927524517 44.9971471174904,5.80285495852726 44.9993507923493,5.8030781853451 45.0020092545493,5.80327384056497 45.0040404559764,5.80347709250973 45.006172372863,5.80375514334462 45.0093411954204,5.80402892300267 45.0119929856788,5.80421877409878 45.0141351554465,5.80167107610605 45.0159931121954,5.79932217505427 45.0183244086751,5.79744375683832 45.0202113731018,5.79599145254966 45.0216794711346,5.79487073328222 45.0227932597048,5.79339099812634 45.0242998499792,5.79057635336449 45.0258651235674,5.78815955114656 45.0272077347994,5.78361944469051 45.0297467080824,5.77973348105609 45.0319060749536,5.77801911045492 45.0328453094791,5.77586963336508 45.0340305127835,5.77328176629446 45.0354734525214,5.77255322763186 45.0362078465694,5.77143776354337 45.0373401735704,5.76937278243939 45.0394429995093,5.76793389490542 45.0408986624268,5.76612202527055 45.0427284528864,5.76449347375122 45.0443869867117,5.76258850927289 45.0462920031559,5.76049426527558 45.0484332184392,5.75685156074206 45.0521425299978,5.75616773663782 45.0536126683044,5.75492703754567 45.0570164760823,5.75347830653493 45.061026337987,5.75203741497851 45.065018868602,5.75100183091383 45.0678211413962,5.75036029814565 45.0713218123903,5.74937880562309 45.0766768958711,5.74880070096696 45.0798940013803,5.74771264245463 45.0858039801731,5.74701864116966 45.0871319613914,5.7452819306489 45.090484820333,5.74402728060482 45.0929347498461,5.74182326046354 45.0932764020967,5.73735621573192 45.0939511130963,5.72772727057332 45.0954034908936,5.72537130186247 45.0957890745078))",LIGNELEC0000000024796973
"MULTILINESTRING ((5.78057070050664 45.0787569116697,5.78057414651446 45.0784937476501,5.78173675528741 45.0771970832093,5.78285265860459 45.0757294906003,5.78317731986145 45.0722373980306,5.7827454344658 45.070610258769,5.7819545882567 45.0676703912168,5.78152942510943 45.0657935200125,5.78090823972092 45.0640134402677,5.78001175143134 45.0613996468371,5.77931175160394 45.0602828253286,5.77782374672762 45.0579135226605))",LIGNELEC0000000120559361
"MULTILINESTRING ((5.70980999245826 45.1212441657748,5.70985570302374 45.1220818240152,5.71385289950324 45.1219782909446,5.71485878922488 45.120915923564,5.71592928984883 45.1181465015775,5.71434244555153 45.1149489927012,5.71334644314055 45.1129893846642,5.71135911883618 45.110945775818,5.70953755727642 45.1085917903489,5.70939425182016 45.1084700444622))",LIGNELEC0000000024796867
"MULTILINESTRING ((5.67047775067562 45.2167483556534,5.67221175056917 45.2154527719217,5.67491824071368 45.2134662738682,5.67714714958401 45.211890273387,5.67962290907233 45.2102551471012,5.68192598775373 45.2085835683311,5.68428017784335 45.2069440454947,5.68694169941918 45.2052583343985,5.68892574286036 45.2040096147028,5.69035758298084 45.2029660662621,5.69169539348167 45.2020085531151,5.6929546171677 45.2010871544656,5.69429932349628 45.2001159278717,5.69562238838486 45.1991461076464,5.69697774937856 45.1981863019885,5.69825338940078 45.1972653445449,5.69930533946342 45.1963308607354,5.70175334859457 45.1960184769011))",LIGNELEC0000000024796680
"MULTILINESTRING ((6.07514878920648 45.029982884747,6.07663525291742 45.0300247017461))",LIGNELEC0000000024796757
"MULTILINESTRING ((6.03465825154508 45.2090137126262,6.03426021957288 45.2098751561557,6.03383544518421 45.2107138964812,6.03337745896684 45.2116923046193,6.03299172616754 45.2125462002509,6.03215790236525 45.2141862967137,6.03161847588661 45.2152858516746,6.03119166128167 45.2161354491611,6.03125785539957 45.2168139727054,6.03078925000937 45.2171763139222,6.03016854504342 45.2176725368925,6.02964064363839 45.2179058244667,6.02854414098551 45.218350968474,6.02755899533475 45.2185930413038,6.02676283273662 45.2189110807747,6.02548787764745 45.2195223245494,6.02442593962679 45.220159322144,6.02321509993103 45.2211076098414,6.0218415782612 45.2221368776963,6.01982322999642 45.2223257346932,6.01797465331269 45.222471220582,6.0147362633919 45.2227343982066,6.00904948469685 45.2233941722812,6.00727703528688 45.2239357046485,5.99960642350747 45.2234643818488,5.9960976278813 45.2255319183105,5.99464689936693 45.2263691769288,5.99285534753266 45.2278895510025,5.9917202359119 45.2291688473694,5.99026666762309 45.2317397832614,5.98949197372504 45.2327985544197,5.98755208561468 45.2353175886263,5.98634216267935 45.2369196071118,5.98510390895431 45.2383034080289,5.98356654643782 45.2400096563598,5.98168151424382 45.2414413242993,5.98070256035657 45.2422874212113,5.97958667782738 45.2435075003778,5.97815676481151 45.2450819493072,5.97661264128293 45.2457610557627,5.97497220059467 45.2465003730238,5.97223853702018 45.2476940563601,5.96966879737484 45.2488301503915,5.96756821994879 45.2497473792798,5.96507640820025 45.2508650743257,5.96287219441523 45.2518273113547,5.96095879746237 45.2526700653988,5.95882562212407 45.2536033049368,5.95618905835374 45.254764272996,5.95352956179936 45.2559519131304,5.95240995049305 45.2560337610146,5.94977697269752 45.2562303439709,5.94714678308053 45.2564799533159,5.94445202360768 45.2567393110525,5.94067641930191 45.2570666972841,5.93886684076259 45.2572503608393,5.93610341237012 45.2577816372765,5.93416516100956 45.2581875601625,5.93265136905287 45.2590959104275,5.93036317706264 45.2604669637207,5.92848374994973 45.2615821714308,5.92524263650399 45.2635439398637,5.92368051216949 45.2644606354363,5.92229800906088 45.2648373886512,5.92100454619777 45.265063124305,5.92005931661805 45.2651653140663,5.91853690857768 45.2653321266337,5.91776304353876 45.2657587039889))",LIGNELEC0000000024796794
"MULTILINESTRING ((5.77743337139867 45.0573475550687,5.77680340763465 45.0563848382699,5.77566928444919 45.0547905109946))",LIGNELEC0000000269643513
"MULTILINESTRING ((6.08007585665098 45.3905826264862,6.08325545144422 45.3861570644547,6.08510492289851 45.3834189377627,6.0867680057443 45.3815419968928,6.09066397458456 45.378568016228,6.09270483176986 45.3738329459924,6.09368290224448 45.3715566792009,6.09386568997283 45.368176855777,6.0953268895065 45.3647986427996,6.09783492687027 45.3598613072423,6.09833748828422 45.3579829378069))",LIGNELEC0000000024796692
"MULTILINESTRING ((6.00092204270444 45.3767195014442,6.00077731100781 45.3738470660911,6.00062883794512 45.3708575895932,5.99763111418554 45.3633163932404,5.99678133053499 45.361137762472,5.99423748973985 45.3547918306916,5.99255051981485 45.3503963516053,5.99207702609724 45.3453214398183,5.99172217890562 45.3417391731333,5.98971139996349 45.3384877071417,5.98769420731202 45.3352075495994,5.98567930010308 45.3319417204094,5.98255717848046 45.3269131238974,5.98028039449849 45.3233253038771,5.97833380512274 45.3201503640676,5.97554511807231 45.3156245536228,5.9726311627371 45.3108965728467,5.97140474449472 45.3087098049663,5.96979490402463 45.3058682142452,5.96708234278916 45.3009951094488,5.96578978888484 45.2986370442861,5.96259459909432 45.2930053387461,5.9608335463475 45.2915048455477,5.95387933765557 45.2856173857233,5.94995348290058 45.2822753684438,5.94648509597204 45.2792969142404,5.94197319154653 45.2754492778794,5.93903031678075 45.2729577744123,5.93453979093915 45.2691570637766,5.93068813941738 45.2676425319044,5.92677639101956 45.2662429794605,5.92248451654328 45.2646468958565))",LIGNELEC0000000024797006
"MULTILINESTRING ((6.10018959444089 45.4304983571276,6.1001049128093 45.4303339860343))",LIGNELEC0000000269643427
"MULTILINESTRING ((6.09991411074545 45.4303780125782,6.10000277612773 45.4305449770831,6.10017516186647 45.4307672997837))",LIGNELEC0000000269643430
"MULTILINESTRING ((5.77524702566816 44.9409162377131,5.77244839037433 44.9432176564717,5.76964854708996 44.94544785847,5.76676153843487 44.9477414178653,5.76386006410326 44.9500550777707,5.76036116144439 44.9528402579974,5.75781193605897 44.954871125498,5.7551883616291 44.9569677386657,5.75211181515152 44.9594304600728,5.7520567014394 44.9637084530225,5.75197284648783 44.9664970518125,5.75191605023007 44.9696300328965,5.75185036550871 44.9730731512591,5.75215182083837 44.9756702364933,5.75246355829826 44.9786310392695,5.75291506505291 44.9825496637983,5.75320952890018 44.9852090920976,5.75348710915306 44.9878860577489,5.75382478949275 44.9909327165449,5.75409232671291 44.9936108359924,5.75438613288641 44.9959964084011,5.75470430999165 44.998954365447,5.75511201948223 45.0026731899058,5.75532433327468 45.004820239315,5.75568184343588 45.0081366984091,5.75599645483801 45.0107614108316,5.75630603353287 45.0136186887687,5.7566673590599 45.0169071323215,5.75701525847568 45.0202058215467,5.75730679049294 45.0230040923884,5.75759114110272 45.0252691925342,5.75825483989208 45.0270077594122,5.75955481822538 45.030132401172,5.76063131957918 45.0327418370649,5.76176580298553 45.0353912713593,5.76242014446811 45.037038161126,5.76351520826411 45.0397092845808,5.76329954687043 45.0422642875298,5.76309899315299 45.0445594464962))",LIGNELEC0000000024796960
"MULTILINESTRING ((5.68142028201245 44.9652425749738,5.68508642523383 44.9640514133826))",LIGNELEC0000000269643671
"MULTILINESTRING ((6.07472057667784 45.2798271755755,6.07414182959573 45.2797016168414,6.07404247668836 45.2794277059516,6.07080008557976 45.2801151612497,6.06945431462161 45.280408037301,6.06841515437705 45.2806366123287,6.06757242632362 45.2808165340395,6.06602486975208 45.2811311247868,6.0648039370748 45.2813970907575,6.06354936107514 45.2816549539201,6.06128883999437 45.2823521615132,6.05918103817424 45.2829955819641,6.05774443484639 45.2833800091419,6.05528675288375 45.2828353483136,6.05231569877484 45.2821920139932,6.04964271878496 45.2816062526833,6.04726873020095 45.2810951812537,6.04457222683063 45.2804973275206,6.04284195912176 45.2801092036727,6.0411654395852 45.2797231959932,6.03937293127515 45.2795268455347,6.03739843132307 45.2792930599246,6.03558438235889 45.2790756083699,6.03298185828116 45.2787695888402,6.03134616475711 45.278592285229,6.02924311057581 45.2783636456081,6.02800866253116 45.2784061008851,6.02731168711757 45.2784276809567,6.02679676165181 45.2784407232295,6.02630756924465 45.2784575719698,6.02543712089955 45.278481133111,6.02393282530852 45.2780667821591,6.02335809617978 45.2781066570293,6.02268214292179 45.2781627824264,6.02190109250382 45.2782343600944,6.02108312987926 45.2783078309076,6.02038991487134 45.2783752219432,6.01979037369137 45.2784283640198,6.01911029706952 45.2784791724591,6.0183568441977 45.2785184415615,6.0172931538805 45.2785795959778,6.0167095422282 45.278620577255,6.01623490000458 45.2786469011742,6.01498860759793 45.278730080987,6.01409220492317 45.2787930004832,6.01346520822905 45.2788342333645,6.01283492237322 45.2788854633443,6.01208497206945 45.2788480028951,6.01130727629557 45.2788166913716,6.01060440686327 45.2787292939921,6.00972876903258 45.2786095992251,6.0089320430978 45.2785093998543,6.00810611616103 45.2783883545406,6.00754957984634 45.2784817235049,6.00692144100184 45.2785490819306,6.00642765337065 45.2786227356369,6.00577708010195 45.2787474593854,6.00487408444368 45.2789249199978,6.00325058271088 45.2792559936867,6.00146347655931 45.2796067544548,5.99996015498023 45.2798949048913,5.99873356151685 45.2801314589772,5.99757063470609 45.2803653911514,5.99630927961633 45.2799558724126,5.99314906763095 45.2790529433078,5.9913602018292 45.2783970808746,5.98943629462453 45.2781493872515,5.98742982608214 45.2778849447333,5.98546199586155 45.2776266434825,5.98356592493463 45.2772303302487,5.9816993148688 45.2768593310269,5.98004536870164 45.2765267849618,5.97798259252699 45.2761140984652,5.97590926714518 45.2756944470193,5.97449168080387 45.2754131968124,5.97277612114923 45.2750722733104,5.97107899971447 45.2747416468624,5.96969322585088 45.2744576894857,5.96782434803391 45.2740883262054,5.96623206189213 45.2738080074702,5.96432831220949 45.2734539294534,5.96249204950997 45.2731205578038,5.95995726822791 45.2726578808972,5.95812502422211 45.272327035761,5.95692810417185 45.2720883852869,5.95504809225967 45.2717704682023,5.95318822652813 45.2713988251075,5.95191767489896 45.2711665728023,5.94978249029541 45.2707760140222,5.94864837741466 45.2705653543283,5.94745162034965 45.2703040737689,5.94593607830296 45.2699745929873,5.9442609634894 45.2695952320726,5.94207033641031 45.2690465023165,5.94044826333936 45.2687765196454,5.93918386374598 45.2685376565148,5.93762864429606 45.2682523598614,5.93659817599176 45.2680451639201,5.93502192068389 45.2679171679605,5.9330915615045 45.2677524891971,5.93140039907064 45.2675986242683,5.92997598803301 45.2674215226807,5.92839154591142 45.2672098509262,5.92658379189379 45.2669976971409,5.92361488360661 45.2665906311657,5.9214793546144 45.2665266318435,5.91869346584545 45.2668598191808))",LIGNELEC0000000024796911
"MULTILINESTRING ((6.04456619842445 45.2067832010789,6.04257516724784 45.2058489830096,6.03916757842827 45.2043207387839,6.03635438794358 45.2028438127197))",LIGNELEC0000000024796713
"MULTILINESTRING ((5.79435744526882 45.0614478523136,5.79076655209195 45.0601297056165,5.78701346450054 45.0585632411032,5.78568997701999 45.0580485780381,5.77632219891765 45.0543210592911))",LIGNELEC0000000269643505
"MULTILINESTRING ((5.81276826939509 45.2134343451176,5.8140613637706 45.215517301136,5.81642379943301 45.217619232951,5.81856073161668 45.2199475560778,5.82057478441233 45.222161817539,5.82185733556573 45.2245053548166,5.82546587920168 45.2275081639361,5.8290267615889 45.2303931428955,5.83219223470597 45.2327915913776,5.83502188695875 45.234548855424,5.83818310805667 45.2363778192952,5.84266554192917 45.2385280866493,5.84535715532612 45.2396921491201,5.84754626942448 45.2409536540795,5.85038564230127 45.2423841398794,5.85333218714821 45.2437874932743,5.85671536712923 45.2454949662471,5.86101618679409 45.2477807308109,5.86496651902062 45.2496680650756,5.86928988851654 45.2518583444714,5.87340053370095 45.25392418872,5.87764584664218 45.2560720204924,5.88182112303981 45.2581665436233,5.88700798575584 45.2589958717887,5.89073736416655 45.2595662324579,5.89474705126194 45.2601769654405,5.89830974583784 45.2623966907254,5.90153145351069 45.2641881592767,5.90637407735015 45.2650787098073,5.90936611118096 45.2659821010566,5.91233488813421 45.2661210337832,5.91467402229341 45.2662483771453,5.9168775633107 45.2665152686544))",LIGNELEC0000000269643541
"MULTILINESTRING ((6.06883022456002 45.0029038531709,6.06731623644419 45.003018593758,6.06625174256121 45.0044301576928,6.06519388092503 45.005847835173,6.06606232594926 45.0094137100391,6.0651147014121 45.0120114348832,6.06426206159661 45.0143965891095,6.06433523173825 45.0169400598115,6.06441743238934 45.0198572227839,6.06597497065417 45.0215497590609,6.06792435570548 45.0236441607131,6.06978106832697 45.025644676138,6.07328161822048 45.0293253214987,6.07514878920648 45.029982884747))",LIGNELEC0000000024796695
"MULTILINESTRING ((6.07891955445739 45.0314032396555,6.07986594279637 45.0317672177183,6.07704461771818 45.0347430836687,6.0766407022145 45.0357174899184,6.0762103403249 45.0367196574751,6.07582407797205 45.0376458160507,6.07535428392295 45.0387635051497,6.07495278201712 45.0397135092102,6.07437040426237 45.0411190410123,6.07220480103771 45.04121306934,6.0718625654724 45.042665121626,6.07141169476231 45.0441760363409,6.07079122109621 45.0458394025066,6.07072145414123 45.0471388637311,6.07063269438384 45.0486713245731,6.06929846264629 45.0513437375443,6.0683050379235 45.0533021067627,6.06706960068851 45.0558095755638,6.06663116171564 45.0568326495073,6.06726766409404 45.0583784717318,6.06765155069841 45.0592815805366,6.06777731523491 45.0598593053904,6.06798128092815 45.0610746350739,6.06825180101658 45.0633640089231,6.06951605595654 45.0687238833026,6.06993288018022 45.0709200220056,6.07034097687366 45.0731650598416,6.07140530311318 45.0741827636013,6.07253117723733 45.0752321005436,6.07349452743047 45.076169673415,6.07486740549988 45.0774770902504,6.07573633423704 45.0782920031026,6.07181167545415 45.0870443252947))",LIGNELEC0000000024796714
"MULTILINESTRING ((5.66372348377731 44.9552952588677,5.66248958649443 44.9521564419609,5.66266891037269 44.9514179340869))",LIGNELEC0000000024796769
"MULTILINESTRING ((5.70166508585401 45.196274679739,5.69865820519965 45.1991015965822,5.69493672246078 45.2017303522672,5.69065533862489 45.204727442806,5.68642382624807 45.2076844197553,5.68471981640775 45.2091678114464,5.68067710014399 45.2122209241502,5.67651233913162 45.2152632929548,5.67421302654724 45.2179265963479,5.67166322134573 45.2213265028211,5.66873980880722 45.2251578138234,5.66214773279756 45.2255133299334,5.65818255418347 45.2257221836909,5.64975653189124 45.226200777797,5.64697162973459 45.2263244675806,5.64074374623439 45.2266484612099))",LIGNELEC0000000024796662
"MULTILINESTRING ((5.66372348377731 44.9552952588677,5.66782528108774 44.9577454789715,5.67181793870939 44.9599747628703,5.67475068141311 44.9615780797836,5.68142028201245 44.9652425749738))",LIGNELEC0000000269643649
"MULTILINESTRING ((5.79159372224095 45.0468758111722,5.7916170178017 45.047444626946))",LIGNELEC0000000024796702
"MULTILINESTRING ((6.07677679220526 45.0314435724685,6.07481826651297 45.0311597971703,6.07374646728657 45.0304550342684,6.07020013046572 45.0304583060263,6.06840415945074 45.0321414604137,6.06759833420956 45.033390018932,6.06613843221989 45.0350404432727,6.06423615058962 45.0372238397326,6.06212747812946 45.0394471189145,6.06031333686711 45.0415280001611,6.05867828809621 45.0433534338069,6.0571093856494 45.0450887210488,6.05437109857875 45.0462667793543,6.05284917065397 45.0471663320984,6.05139503628704 45.048027962512,6.04989648396609 45.0488916907584,6.04841648259027 45.0497467803261,6.04696157593562 45.0505966571414,6.04566354990086 45.0515737770229,6.04443597514099 45.0525615692644,6.04309534527475 45.0535983908498,6.04183360691225 45.0546141178653,6.04053183669629 45.0556192090149,6.03920296996542 45.0565943876219,6.03846726881765 45.0576777109608,6.03714246749685 45.058659059658,6.03578822694515 45.0596610173674,6.03463935048197 45.0606294286679,6.03396594739802 45.0620903659248,6.03302148239418 45.0641569817842,6.03203509486467 45.0662959135307,6.03110312800256 45.0684549799263,6.03014540924544 45.0705390497588,6.02920603195404 45.0726108980036,6.0285009760547 45.0741735779813,6.027661534918 45.0760030139888,6.02605573684653 45.0774432842853,6.02439991054114 45.0787830688692,6.02279529925339 45.0800835931677,6.02138637472685 45.0812174969162,6.01978670350757 45.0825178409312,6.01917538450489 45.0834210465914,6.01853711092242 45.084390755789,6.01793408808007 45.0859668159167,6.01800480837383 45.0872534065824,6.01808794176037 45.0885342551306,6.01817806843858 45.0898032009878,6.01825011795387 45.0910906580784,6.01834655491619 45.092358532838,6.01842970371701 45.0936393827825,6.01881052290765 45.0949671333729,6.01920685360605 45.096275541128,6.01957695664627 45.0976161961077,6.01997357360988 45.0989056730443,6.02035851957094 45.100237815515,6.02075902684693 45.101551514621,6.02104888399861 45.1028420821695,6.02108132769084 45.1041720662167,6.02108004066606 45.1055606328835,6.02167181371381 45.1076810019174,6.0221890511333 45.1096222780896,6.02263564397494 45.1111978366805,6.02313116668825 45.1130658137599,6.02336927974925 45.1141505411822))",LIGNELEC0000000024796698
"MULTILINESTRING ((6.02786711769269 45.1187175895232,6.02903443889597 45.1217278743128,6.03026287997081 45.1248536299775,6.03160842008408 45.1296656981721,6.03236271947693 45.1326106058414,6.03351547046039 45.1368431171373,6.03835635664417 45.1408796865016,6.04057726260313 45.1423383670723,6.04245930262615 45.1440720699794,6.04429890698936 45.1457492344127,6.04697622828178 45.1489155005784))",LIGNELEC0000000024796699
"MULTILINESTRING ((5.98079376274654 45.1207665541126,5.98065735742777 45.1204521324932,5.97991406982833 45.1190195202558,5.9796099647897 45.1184239495833))",LIGNELEC0000000024796721
"MULTILINESTRING ((5.9796099647897 45.1184239495833,5.98146364452326 45.1183419492145,5.98491390751179 45.1180585936996,5.98661092218012 45.118307782186,5.98830066383621 45.1185634475735,5.98994946548646 45.1188147795923,5.991752275604 45.1190898870213,5.99330459026767 45.1193212335076,5.99487524006506 45.1195619777198,5.99673252057014 45.1197364269224,5.99858595182959 45.119910048003,6.00013795690139 45.1200160627354,6.00203551524757 45.1201578036131,6.00335113636897 45.1199619788302,6.00522408053362 45.1197168749738,6.00749353237997 45.1194141876208,6.00950734191225 45.11887867423,6.01132584713476 45.1182384705937,6.01303040595987 45.1176571818806,6.01467245839656 45.1170973800144,6.01663758274189 45.1164170790928,6.01866429385644 45.1157233607573,6.02076055898359 45.1149988854804,6.02261052280713 45.1143801655318,6.02336927974925 45.1141505411822))",LIGNELEC0000000024796864
"MULTILINESTRING ((5.85794354150609 44.8339164136993,5.85866590925264 44.8348500714948,5.86682746450492 44.8319970310175,5.86898553646496 44.8313159914827,5.87398893590672 44.8297548912129,5.87988961085427 44.827896382459,5.88382391072373 44.826679707063,5.88786804597272 44.8254357031903,5.89354082687668 44.8236427438714,5.89494210746289 44.8231989531446,5.90064441139537 44.820098496549,5.90914104403278 44.8165848073362,5.9091088032259 44.8206308556637,5.90905014350396 44.8232135787821,5.90871531429188 44.8314154950809,5.90846720730241 44.8382376163429,5.90835515546052 44.8409884269447,5.90821348582432 44.8446346525978,5.9089503325337 44.847906483339,5.9102800068128 44.8541836406236,5.91059167112904 44.8556998686725,5.91089662358564 44.8571351877676,5.91119709157771 44.8585814361266,5.91150358869983 44.8599482430414,5.91173246591957 44.8613080772161,5.91306328059935 44.8678636089342,5.9132903603218 44.8689189703973,5.91460371379025 44.8755704685322,5.91511912071616 44.8779796034611,5.9155895156747 44.8804971350415,5.91602479507857 44.8826795329227,5.91716895751222 44.8884777762633,5.92022176913144 44.8902246724925,5.92532961939905 44.8931435792048,5.92838814285908 44.894892819326,5.93237658883655 44.8971868399749,5.93619941726918 44.8994103263027,5.94235813195667 44.9032620524856,5.95584366382256 44.9118371668933,5.95638182384777 44.9122084646078,5.9653520860345 44.9218153381019,5.96810316812948 44.9247700992088,5.97079024028301 44.9276841675229,5.97337759654273 44.9304107394994,5.9788583887062 44.9362862021379,5.98224735410722 44.9381369551492,5.98878754637287 44.9416733756287,5.99576439202789 44.9431803095371,5.99967438455438 44.9440326118703,6.00815489295465 44.9458865261702,6.01224632234222 44.9480534753554,6.01414378826548 44.949103075067,6.02799225099299 44.9524478712358,6.03750868895166 44.9552039510241,6.04646680813278 44.9594603532549,6.05668881842994 44.9636407848446,6.05958802582436 44.9740843105606,6.06510848943855 44.9813190545035,6.06757739031984 44.9871762836017,6.07149282542627 44.9961760706732,6.06963284283079 44.9987557754827,6.06732324692504 45.0019641661509,6.06883022456002 45.0029038531709))",LIGNELEC0000000024796859
"MULTILINESTRING ((5.66233978392158 44.9512996951155,5.6618255185044 44.9519579377369,5.66182728386678 44.9553343729714))",LIGNELEC0000000024796705
"MULTILINESTRING ((5.66249488553869 44.9513599422213,5.66228209838542 44.9520884407181,5.6624649564834 44.9553236066042,5.66271244097495 44.9592509025537,5.65818103086491 44.9641384850751,5.65653944670577 44.9670118748514,5.65410978144767 44.9711751883345,5.64902150334401 44.9765080829407,5.64737105778253 44.9782176077529,5.63837562257771 44.9875932596635,5.63430127679953 44.9982696946923,5.63468395648632 45.0027605089197,5.63543137143023 45.0113570033005,5.635799704354 45.0155932248584,5.6361713256699 45.020032972786,5.6365095204005 45.0254879122452,5.63665633096958 45.0284429358549,5.63336954864717 45.0320017555752,5.63193976558006 45.0369625021788,5.63084195073222 45.0406919857181,5.62917402803504 45.0463547086704,5.62623221670961 45.0502015440958,5.62316666094622 45.0551043457241,5.62539596291708 45.0581373469235,5.62726527853889 45.0606454784518,5.63068852378123 45.0653240725946,5.63264086321679 45.0679923295453,5.63487576148749 45.0709872057146,5.63994970246751 45.0743526360956,5.64383444490214 45.0768911284638,5.64734459350243 45.0821996568331,5.65051771028741 45.0870107087603,5.6518916206984 45.089808657713,5.65324084706945 45.0924855604983,5.65436547271819 45.0945011312125,5.6611811120533 45.0965476080461,5.66369031758878 45.0972606420336,5.6722543222385 45.0998637660176))",LIGNELEC0000000024797009
"MULTILINESTRING ((5.66414536751419 45.1004570073234,5.66095096581416 45.1049405763901,5.65894275193199 45.1096047690532,5.65748950876597 45.1129962199474,5.65683464053756 45.1161893448898,5.65781752620333 45.12061642536,5.65896947731806 45.1259187667939,5.65933906085381 45.1284433264267,5.65962667657538 45.1307157838515,5.6602794047313 45.1352561504518,5.66090586709752 45.1400178724405,5.66137482450446 45.1434220674708,5.66215229884306 45.1491045378619,5.66147090768544 45.1512100338775,5.65803757941765 45.1618416830644,5.65642602844006 45.1652278906363,5.65521244421001 45.1673721419409,5.65387810559709 45.1697913294038,5.65101943069136 45.1750080486138,5.65075087180247 45.1797875159582,5.65056699349483 45.1831586336997,5.65039054274083 45.1866061553702,5.65018735382128 45.1900813414657,5.65000575757473 45.1938776471533,5.64980587717608 45.1969941898058,5.64855794175436 45.1980049111099,5.6462715118675 45.1991519523408,5.64443940260599 45.2007990092024,5.63787738616061 45.2068534848848,5.63636256977539 45.2097505933186,5.63293226119889 45.216085734881,5.63188372324237 45.2180690575722,5.62933073767516 45.2228347122661,5.6245416748564 45.2296448047454,5.61969445246869 45.2365173008315,5.61703338057 45.2402968714675,5.61619853211853 45.2415560919602,5.61089548974711 45.2491424657598,5.60886583650661 45.2519944367322,5.60576342679603 45.2545227295866,5.60132723025948 45.2572585643663,5.59886363178063 45.2583438275051,5.59735617108228 45.2590077116394,5.58354238445208 45.2663838387283,5.58126657647781 45.2676003962841,5.57734245173042 45.2697035814472,5.57357305645881 45.2716823388348,5.5704183888017 45.2734116937215,5.56653922982304 45.2754557913301,5.56404538338979 45.27710762319,5.56106749030978 45.2790867042878,5.55297178894184 45.2844277382036))",LIGNELEC0000000024796987
"MULTILINESTRING ((5.72537130186247 45.0957890745078,5.71931052315457 45.0959758738468,5.71728944119142 45.0974432390691,5.71359037513151 45.0996956041353,5.71031587486743 45.1019474267215,5.70909282151081 45.1038258696077))",LIGNELEC0000000024796952
"MULTILINESTRING ((6.00434448885363 45.3849998852844,6.00728277876118 45.3867682949697,6.01019450890978 45.3884913904812,6.01430476205067 45.3897667577541,6.01893745363325 45.3912153313024,6.02113933080172 45.3944801685232,6.02408030319982 45.3989829777805,6.02555821951535 45.4012030703751,6.02723182941498 45.4037494708782,6.03101000151452 45.4094640421802,6.03225498821278 45.4116489141042,6.03476918392547 45.4161288086527,6.03622326998404 45.4187396219085,6.03974509575148 45.4221414138328,6.04323319000982 45.4255034738024,6.04922340670213 45.4282071585974,6.05509210231456 45.430877807252,6.05892260437424 45.4325972354576,6.06198853330509 45.4382060053251))",LIGNELEC0000000024796792
"MULTILINESTRING ((5.93952157144775 45.1094850642104,5.93945051188701 45.1096581329767,5.93845201921809 45.1100520793564,5.93441812736599 45.1092221911381,5.93279802246108 45.1090945397725,5.92799210678172 45.1087046104586,5.92700061627831 45.1085044968418,5.92486706118998 45.1080225985413,5.92163342454483 45.1058945131292,5.92032472002696 45.104248418067,5.9195709269271 45.1033112894419,5.91580768167633 45.1012888267299,5.91283769884884 45.0999825405513,5.91176778809043 45.0995672035045))",LIGNELEC0000002003384350
"MULTILINESTRING ((5.70434196024319 45.1391271256857,5.70457855727727 45.1384925353326,5.70543797307491 45.1369455053855,5.70692893804945 45.1365858890772,5.70824297971088 45.1362530725686,5.71009439137175 45.1355576188996,5.71321630883839 45.1332158475191,5.71361248421069 45.1313619883956,5.71410620014546 45.1289489748138,5.71464570579966 45.1263267282298,5.71520061734957 45.1238392447274,5.71567295635766 45.1208843825313,5.71638793940147 45.1181055961736,5.71479472203784 45.1148559942686,5.71382495277446 45.1129128690528,5.7117717840868 45.11092852993,5.70969144616997 45.1084069623355))",LIGNELEC0000000024796741
"MULTILINESTRING ((5.78011897835109 44.9129787530967,5.77838347669762 44.9137762373704,5.77693769770906 44.9144340174714,5.77071301022002 44.9172705530781,5.76989900435171 44.919863844501,5.76952129107374 44.921048045279,5.77122419678596 44.9246389466352,5.77067940183356 44.9269075112461,5.76993205910539 44.9300315827197,5.77030388065921 44.9311655688685,5.77096884645508 44.9332264901497,5.77380298574483 44.9353431964658,5.77454849586731 44.9381309327339,5.77524702566816 44.9409162377131))",LIGNELEC0000000024796858
"MULTILINESTRING ((5.78363327194119 44.9137916521755,5.78406690101806 44.9137663701668,5.78011897835109 44.9129787530967))",LIGNELEC0000002101268291
"MULTILINESTRING ((5.70024745686122 45.1794324974708,5.70248186083532 45.1767755901467,5.70233800663542 45.1746195151581,5.70221643109411 45.1727656181777,5.7021464294451 45.1709771428082,5.70206587744227 45.1688916132753,5.70203955119822 45.1672948832185,5.70197280290828 45.1655207465389,5.70188706517041 45.1633803881138,5.70179804057718 45.1612509217047,5.70172543975989 45.1589606916494,5.70032175593443 45.1565297101841,5.69926445421046 45.1543606155058,5.6982197573925 45.1520290405776,5.69705143010362 45.1494292672331))",LIGNELEC0000000024796853
"MULTILINESTRING ((5.77664253348975 45.0563960572,5.77743337139867 45.0573475550687))",LIGNELEC0000000269643512
"MULTILINESTRING ((5.77729433572281 45.0563392606414,5.77592304520283 45.0547301287737))",LIGNELEC0000002200322856
"MULTILINESTRING ((5.68714923235567 45.2053335238595,5.6865726243324 45.2077042642329,5.6849713385291 45.2093888012295,5.68398023008448 45.2113595639238,5.68288560485481 45.2138562514315,5.68214902427417 45.2153974382077,5.68051514795265 45.2161457087782,5.67872813598554 45.2168913211628,5.67581357181865 45.2186333372013,5.67361017236549 45.2206681747202,5.67190922235392 45.2228161777241,5.67070917438556 45.2243251228541,5.6690446855106 45.2265469847563,5.66727090146983 45.2286723262908,5.66556583531878 45.2315446778763,5.66453046220799 45.2333586434184))",LIGNELEC0000000105372882
"MULTILINESTRING ((5.77699408064248 45.0563593618261,5.77566928444919 45.0547905109946))",LIGNELEC0000002200322855
"MULTILINESTRING ((5.77699408064248 45.0563593618261,5.77756024927201 45.05726600827))",LIGNELEC0000000269643514
"MULTILINESTRING ((5.70945848532144 45.1086928148266,5.7084082974433 45.1100463091669,5.70745633491123 45.1114586703793,5.70846820117293 45.1131728858425,5.70846805294541 45.1152702580208,5.70832745732042 45.1173052753506,5.71020536591558 45.1189533916507))",LIGNELEC0000000024796723
"MULTILINESTRING ((5.75455972358444 45.153827883551,5.75414104746059 45.1539102978509))",LIGNELEC0000002200361599
"MULTILINESTRING ((5.75455972358444 45.153827883551,5.75822228033301 45.1530130116443,5.76044229726932 45.1511714923678,5.76277245222775 45.1492686357278,5.76408510911094 45.143736652017,5.76487676971664 45.1403375289323,5.76403759887884 45.1372707441795,5.76364754104838 45.1354586738203,5.76294340783098 45.1327002721816,5.76130746734979 45.1318434423368,5.75925817640512 45.130759867937,5.75088862838677 45.1262681993459,5.74772205174788 45.1245831226875,5.74213070632787 45.1243369749,5.73850351607178 45.1241774635821,5.73268380127691 45.1239175334196,5.72891671286461 45.1237584376605,5.72392627936353 45.1235390159401,5.72107628249712 45.1221932346483,5.71793716088156 45.1207346086293,5.71663249373658 45.1180843211737,5.71505236521425 45.1148425120717,5.7140765424296 45.1128797157438,5.71468451536445 45.1092341504169))",LIGNELEC0000000024796793
"MULTILINESTRING ((5.75411557176819 45.1542199554695,5.75455972358444 45.153827883551))",LIGNELEC0000002201764619
"MULTILINESTRING ((5.75402569646819 45.1535077146206,5.75447729773565 45.1531893376175,5.7568111842852 45.1522334271381,5.75948257215254 45.1510231553519,5.76175433230753 45.1492262767097,5.76224533295621 45.1432957141165,5.76237452439607 45.1418149416432,5.76251526026659 45.1401816214145,5.76243101208565 45.1382205201198,5.7624348485106 45.1368050201692,5.76237540420592 45.1352424302813,5.7623292101541 45.1336903242828,5.76226758168957 45.1316457779533,5.76221864873124 45.1299351729498,5.76214969248103 45.1272015790514,5.76210149905476 45.1253513096415,5.76204536069182 45.1232372582121,5.7619605456744 45.121160857502,5.7618995992216 45.1185631153952,5.76184318283962 45.1169581131459,5.7617703492725 45.114943584787,5.76171194580563 45.112448492459,5.76165247461942 45.1102921860306,5.76147240386473 45.1045359668301,5.76135999462402 45.1004835767607,5.76131331606318 45.0992810651806,5.76110799816175 45.0973905560364,5.7605482033823 45.0932411442814,5.7604253741887 45.092299093439,5.76029593201009 45.0914806363281,5.7601064380023 45.0899609285401,5.75997810642385 45.0888298159464,5.75891525530987 45.0807188041788,5.75876564408264 45.0795936266107,5.75844269080251 45.0769906902894,5.75801075658489 45.0749102974153,5.75753746794336 45.0726867778799,5.75721225730446 45.0710677283299,5.75594831177957 45.0653365966219,5.75673688269034 45.0640026108246,5.76008233900054 45.0584267241146,5.76433026605093 45.0560807215162,5.76996374962599 45.0530252866276,5.77548544069986 45.0549023057342,5.77655457192353 45.056518977076,5.77731003380914 45.0574236077471))",LIGNELEC0000000024796971
"MULTILINESTRING ((5.7141351110065 45.1053347810248,5.7188312308704 45.1046905762492,5.72422144742034 45.1018453409808,5.72820027799663 45.0958171531462,5.73875259343562 45.0959979720413,5.74709744511523 45.0931365944455,5.75323775988279 45.0905939443805,5.76061753687768 45.0898797950761,5.76425333205897 45.0902563483094,5.77091638214185 45.0910458601081,5.77692878450884 45.0927134079635,5.77905739064543 45.0932639808878,5.7850199293514 45.0943034804609,5.79538367446944 45.0857236082519,5.8035890424465 45.0857192520922,5.80801948695023 45.0852031461752,5.81189333183619 45.0847477614347,5.81845910726138 45.083579080412,5.8220039654558 45.0829586754876,5.82571960269594 45.0825734828441,5.82986914611548 45.0821438083001,5.83313865462618 45.0817904193559,5.83710796113245 45.0813695607542,5.85445311526335 45.0795299672887,5.85840577475412 45.0791123727095,5.86193118880889 45.0787461578031,5.86335352677924 45.0788078155544,5.87830115985966 45.0804705627562,5.88175847413902 45.0808560068058,5.8950077431742 45.0810107417571,5.90024402612921 45.0832522891835,5.90528869048147 45.0853958852521,5.90821808605807 45.0875052981646,5.91210581987631 45.0919655583742,5.91432644322693 45.0948150605934,5.91786395504221 45.0964704489424,5.92446248103992 45.0995366233566,5.9284184544262 45.1013969567761,5.93257119725048 45.103534900456,5.93647402779802 45.1055837754697,5.9425236425199 45.1058684222217,5.95259194058238 45.1085719373941,5.95594183635002 45.1107789733676,5.95827988729838 45.1123279906013,5.96291735247105 45.1154818802961,5.96775719061835 45.1174759753366,5.97190042416063 45.1192154284096,5.97822389714735 45.1187790576866,5.98491392860063 45.1188452064847,5.9902740469867 45.1195530426201,5.99574703665675 45.1202981390636,6.00300875670498 45.1212876432334,6.00648613713135 45.1233276170661,6.01392340983486 45.1276780545138,6.0156016877444 45.1290103965203,6.01853565952174 45.1313179186707,6.02204289671876 45.1340991144769,6.02583290091636 45.1370878939614,6.03141108710402 45.1386736526724,6.03884164609786 45.1407664440312,6.04233132311014 45.141979657245,6.05121551183146 45.1450736340251))",LIGNELEC0000002204079286
"MULTILINESTRING ((6.0787886760018 45.3987264537737,6.08035806200574 45.3979398717354,6.07905605795891 45.3963482096472,6.07798481757388 45.3947880420773,6.07735098051768 45.3927643808485,6.07767946720744 45.3922290917846,6.07987696492455 45.3908016651733,6.08007585665098 45.3905826264862))",LIGNELEC0000000024796704
"MULTILINESTRING ((5.6991120521897 45.0648175900027,5.69886435303477 45.0672984108659,5.6985367160933 45.0704154148842,5.69825389586554 45.0729862784728,5.69794509283074 45.0758361555641,5.69771288290083 45.078218403185,5.69745915710597 45.0806822550118,5.69787581270347 45.0837307900709,5.6983407615046 45.0870412265659,5.69869917283784 45.0896452197036,5.69910768872085 45.0926804436242,5.69953744556614 45.0957331733731))",LIGNELEC0000000024796984
"MULTILINESTRING ((5.72206373546476 45.0750899569561,5.72207837040749 45.0765400936971,5.71398799195241 45.0790636776896,5.70569647466471 45.0817023567565,5.70143233420965 45.0830382932449,5.69850550763509 45.0839723029314,5.69889719666017 45.086897116169,5.69927612300113 45.0896357494193,5.69969006621797 45.0926510201753,5.70011210139854 45.0957012327413,5.70039295667982 45.0977764638108,5.70245584831096 45.1003751802198,5.70657374214194 45.1023762148064,5.70868482138341 45.1034132501783))",LIGNELEC0000000024796836
"MULTILINESTRING ((5.97120031233288 45.1182312329446,5.9679187502643 45.1177383814484,5.96459468875686 45.117234851787,5.95960234687459 45.1164673765886,5.9558695805578 45.1159086662175,5.95328486762257 45.1149671186077))",LIGNELEC0000002001956615
"MULTILINESTRING ((5.70889777279129 45.1071775644455,5.7102503701081 45.107706864125,5.71468451536445 45.1092341504169))",LIGNELEC0000000024796812
"MULTILINESTRING ((5.87390630327351 45.0748077779963,5.87249370396103 45.0719880806004))",LIGNELEC0000000024796710
"MULTILINESTRING ((5.70802605549355 45.1075401992219,5.7046588933891 45.1064975965456,5.69961375822308 45.1039252362048,5.69077595467583 45.1068543312752,5.68580417659867 45.1095022288727,5.68549768327886 45.1116231758944,5.68460750970954 45.1159501247993,5.68379353411247 45.1200382908097,5.68293411776891 45.1241897092853,5.68086353150731 45.1265756088029,5.67803236557486 45.1298518300205,5.67514822481564 45.1332247426544,5.67341616506299 45.1358627384987,5.67195855649464 45.138813056684,5.67041490673943 45.1420437994894,5.67008088315758 45.1467474080517,5.66743765722908 45.1514873429238,5.66113128076919 45.1615850487599,5.65986621838278 45.163632382197,5.65673441866003 45.1686314415705,5.6550395128387 45.1707258868904,5.65157651610681 45.1750713918541,5.65135745781435 45.1798460820955,5.65116601981343 45.183325492188,5.65091133985622 45.18748570327,5.65079327714075 45.1902309226244,5.65080311441564 45.1922622758545,5.65099362309451 45.1968632863776,5.65002206194677 45.1998026520222,5.64778643505367 45.2019944932841,5.6464090043059 45.2032605183396,5.64537336186856 45.2042373391267,5.63992764926522 45.2094591540924,5.63828243887133 45.2148810627634,5.63766448404457 45.2169083269671,5.63854830823931 45.2201253776528,5.63976431953338 45.2245679453941,5.64074374623439 45.2266484612099))",LIGNELEC0000000024796676
"MULTILINESTRING ((5.71468451536445 45.1092341504169,5.7101246649839 45.1078693853686))",LIGNELEC0000000024796742
"MULTILINESTRING ((5.70944347396867 45.1084093865675,5.70960834435805 45.1085035802405,5.71153642639723 45.1109027227736,5.71358694904511 45.1129375826649,5.71456179070655 45.1149067133408,5.71615868031359 45.118127398916,5.71542383590305 45.1208643233051,5.7149304904029 45.1238061815938,5.7143962554583 45.1263003675766,5.71384919104196 45.1289768528402,5.70922228520846 45.1294641580882))",LIGNELEC0000000024796824
"MULTILINESTRING ((5.79159372224095 45.0468758111722,5.79158130348707 45.0464995258545))",LIGNELEC0000000269643510
"MULTILINESTRING ((5.79425401119317 45.0488920760501,5.7916170178017 45.047444626946))",LIGNELEC0000002215551528
"MULTILINESTRING ((5.69998112914015 45.1034190262386,5.70536399423047 45.1056363145224,5.70855985689801 45.1065839552837))",LIGNELEC0000000024796943
"MULTILINESTRING ((5.76604628725087 44.8804183991259,5.76405077795072 44.8818374606375,5.76393928686065 44.8819150106603,5.76227800844088 44.8830725656373,5.75820837798345 44.8888583852757,5.75701167566462 44.890501608269,5.75489271826707 44.8934965216786,5.75304954057036 44.8960719454594,5.75045321520695 44.8997317504897,5.74832204469524 44.9027502555428,5.74413958463619 44.9085941712706,5.74260615890713 44.9107572548394,5.74087004987533 44.913185675572,5.73935731313386 44.9152842371543,5.73798253747724 44.9171982967101,5.73711927586274 44.9184754165621,5.73562672010803 44.9204995532115,5.73383364404657 44.9230202493507,5.73274601693168 44.9245370860644,5.73034971943039 44.9279311096862,5.729375617576 44.9292568344089,5.72792001595711 44.9312700426657,5.72647881987027 44.9333729664766,5.72273372786794 44.9387566421184,5.72044951163406 44.9417666128484,5.71787065955125 44.945402652866,5.7152045571282 44.9491038227624,5.71216619249436 44.953325715339,5.7107477450079 44.9565260555075,5.71001123028282 44.9589800307941,5.70828024996994 44.9634383981441,5.70786398681728 44.9662998708824,5.70749174286441 44.9691539652664,5.70707005416351 44.972220073434,5.70641569145469 44.977117964106,5.70530563684777 44.9805728903144,5.70420133179482 44.9839393776447,5.70309168301478 44.9873294072532,5.70164702741955 44.9917257597765,5.70078130016434 44.9943089418313,5.70025007319709 44.9966948091816,5.69939085901903 45.0005751198814,5.69845017638737 45.0028727154069,5.69676860832839 45.0067693447367,5.69505263561048 45.0107739878328,5.69422928215553 45.0133263620747,5.69158183913594 45.0213985500565,5.69052076197712 45.0246674583261,5.69024192709503 45.0286985367097,5.69078999405839 45.0349988346381,5.69133938127076 45.0412711834621,5.69149680142268 45.0429854099395,5.691945848233 45.0501539012886,5.69218048027838 45.0538680897267,5.69107028761012 45.0644518128947,5.69068104684094 45.0685432569737,5.69022365968327 45.0728579735361,5.68991497854635 45.075930341614,5.68954299947623 45.0798024503997,5.6891339878466 45.0836988782047,5.68879437036555 45.087108938666,5.6887862900779 45.0897443189467,5.68877767165657 45.0944049802514,5.68877666086937 45.0944104101564,5.68916865174655 45.0982496815967,5.69126062723238 45.0992965044158,5.69444325910336 45.1009854119546,5.69982475970441 45.1037372372811,5.70480586508048 45.1063273583269,5.70816035592644 45.1073711651403))",LIGNELEC0000000302652646
"MULTILINESTRING ((5.707919106715 45.1076698286541,5.7073451272145 45.1075080904502,5.70448558398359 45.1066756810466,5.70079626130795 45.1083363547447,5.69273712242866 45.1139990500993,5.68659738575682 45.1181698121673,5.6863555412813 45.1211595006312,5.68607186956752 45.1244709271073,5.68575376932009 45.1280994089055,5.68550917378227 45.1311396187399,5.6826783363276 45.1387692306779,5.68330081253607 45.1422147177228,5.68380077492842 45.1449370054383,5.68616671515736 45.14767563583,5.69197104091457 45.1543872992718,5.69413220183424 45.1569027907514,5.69710748978011 45.1603193252311,5.69906751363763 45.1626422923491,5.69929183609368 45.1638053825844,5.69967949665423 45.1657915829376,5.69973762500377 45.1689957191675,5.69978447148593 45.1721244518336,5.69982640156811 45.1740451438791,5.69984946512004 45.1758653878317,5.69997607901866 45.1793525726769))",LIGNELEC0000000024796851
"MULTILINESTRING ((5.70879241063599 45.1036908243655,5.71005809917919 45.1018257631626,5.71338605726334 45.0995483216515,5.71707605336532 45.0972925808227,5.72052480928435 45.0948425946771,5.72545902506159 45.0927354665599))",LIGNELEC0000000024796975
"MULTILINESTRING ((5.70670535938412 45.1035180983367,5.70854649627805 45.1037877946611))",LIGNELEC0000002215551524
"MULTILINESTRING ((5.70789130566177 45.1038658791469,5.70670535938412 45.1035180983367))",LIGNELEC0000002215551525
"MULTILINESTRING ((5.87390630327351 45.0748077779963,5.87383189760087 45.0742754110022))",LIGNELEC0000000024796755
"MULTILINESTRING ((5.88301034207895 45.0777575336383,5.88587082159695 45.0786547393046,5.88841330268591 45.079450198111))",LIGNELEC0000002215551535
"MULTILINESTRING ((5.88301034207895 45.0777575336383,5.88057799947574 45.0769987515721,5.87803802432262 45.0763463131726))",LIGNELEC0000002221758397
"MULTILINESTRING ((5.55309606730337 45.0832559916049,5.55064728097473 45.0850192157369,5.55159874375132 45.0875892214612,5.5527512059441 45.0906879315789,5.55370855666012 45.0932433786376,5.55471997590744 45.096089463216,5.55570334690156 45.0987370939377,5.55604596743266 45.1018075108109,5.55639566813708 45.1050597435205,5.55666326223534 45.1076841521508,5.55705202351942 45.1111490002822,5.55736331860879 45.1138652001656,5.55760265582936 45.1164263003378,5.557917026083 45.1190694620341,5.55906862681048 45.1201267883358,5.56249241508765 45.1231994188664,5.56514164018442 45.1256357383238,5.56704264146152 45.1273207781731,5.568988027328 45.1290552157715,5.57081762260623 45.1307598606923,5.57262412633972 45.1324857319191,5.57505821409459 45.1349295070219,5.57619254431953 45.1360672531802,5.57858172815956 45.1384138012423,5.58005457330999 45.1398499872073,5.58173247787622 45.1415624868379,5.58373635867178 45.1434674111569,5.58590639248663 45.1456035842628,5.58789590444778 45.1475493156296,5.5893866385772 45.1490038963752,5.59149366825724 45.149608113577,5.59530164196654 45.1506502059284,5.59817529388491 45.151474298503,5.60115137696766 45.1522815164374,5.60951902855961 45.1545203259001,5.61122899585638 45.1560451822287,5.61228790191774 45.1573690448323,5.61359758402803 45.159016755531,5.61553829601853 45.1614118280859,5.61713815746877 45.1633779278244,5.61767244738802 45.1643167520592,5.61974522189153 45.1675645278238,5.62060035535799 45.1689336497436,5.62209516150434 45.1713120724048,5.62312471416241 45.1729482546537,5.62478977331113 45.1755839110873,5.62841946609883 45.1766021012714,5.63214709435207 45.1776142633672,5.63586285608831 45.1786419002766,5.64027110807258 45.1798449326283,5.64414589459202 45.1809153872124,5.64749691367528 45.1805548592648,5.65100336224849 45.1801418880702,5.65423645857362 45.179767740101,5.65951327587247 45.1791637287656,5.66326744831273 45.1787399601623,5.66527392219401 45.178503766285,5.6728041607259 45.1776389689232,5.67809215642299 45.1770365052339,5.67895648116264 45.1769977417567,5.68116554968002 45.1786483579822,5.6838331459676 45.179155432457,5.6849316262505 45.1791641474317))",LIGNELEC0000000024796665
"MULTILINESTRING ((5.70931470018453 45.1054115181242,5.7105742793816 45.1059385690743,5.7141351110065 45.1053347810248))",LIGNELEC0000002215551533
"MULTILINESTRING ((5.87803802432262 45.0763463131726,5.8779542295937 45.0764971416712,5.87496309384088 45.0758734086319,5.87390630327351 45.0748077779963))",LIGNELEC0000002221758398
"MULTILINESTRING ((5.87803802432262 45.0763463131726,5.86992255043048 45.074041934994,5.86775137150116 45.0734347269376,5.85914643594395 45.0709899221836,5.85750976963166 45.0708355077415,5.85436297246777 45.0705639090118,5.85132182957918 45.0702940225196,5.84869892187997 45.0700719215398,5.8447910018417 45.0697077973038,5.8410872798942 45.069407703997,5.82779839621858 45.0682547714339,5.82502801730252 45.0680034273695,5.81966768670286 45.0675220950227,5.81518638469001 45.0671498332087,5.80600856654387 45.066166035726,5.80013807190344 45.0637397464578,5.79697469772012 45.0624858214692,5.79435744526882 45.0614478523136))",LIGNELEC0000002221758399
"MULTILINESTRING ((5.7106391859425 45.1056504946889,5.70948514932722 45.1052010617594))",LIGNELEC0000002215551532
"MULTILINESTRING ((5.84610907254435 45.054233218156,5.85099649070088 45.0545830050323,5.85340457712126 45.0553673409341,5.85660252233713 45.056383641134,5.85952419508303 45.0581601661877,5.86200113805022 45.0593903433447,5.86339480151498 45.0607888801947,5.86538852854305 45.0627819298878,5.8666472940831 45.0641496648541))",LIGNELEC0000002215551541
