WKT,ID,NATURE,TOPONYME
"MULTIPOLYGON (((5.79867084715917 45.212510049232,5.79870239412621 45.2125290803024,5.7987710321903 45.212448974045,5.79873321014977 45.2124319022461,5.79867084715917 45.212510049232)))",CONSSURF0000002203810052,Pont,
"MULTIPOLYGON (((6.0074668396551 45.4333524786131,6.00748894361813 45.4333825233933,6.00765134842697 45.4333799683119,6.00765366093615 45.4333754007052,6.00769337667933 45.4333761373231,6.00778367710595 45.4333656044256,6.00775639674581 45.4331689928436,6.00764797277921 45.4331520775212,6.00746182221508 45.4331651819261,6.00747000371441 45.4333163492433,6.0074668396551 45.4333524786131)))",CONSSURF0000002203819709,Pont,
"MULTIPOLYGON (((6.07689072685136 45.0293094014507,6.07671277339922 45.0293314412723,6.07668893394953 45.0294294154025,6.07693368619889 45.0293974193071,6.07689072685136 45.0293094014507)))",CONSSURF0000000007535711,Dalle,
"MULTIPOLYGON (((6.07784146683621 45.0274890906499,6.07763493640327 45.0275921172636,6.07772681334901 45.027645442577,6.07789692945108 45.0275272036867,6.07784146683621 45.0274890906499)))",CONSSURF0000000007535710,Dalle,
"MULTIPOLYGON (((5.72280414259817 45.075124116084,5.72283593576274 45.0750981129928,5.72284819708963 45.0750626770911,5.7228928637847 45.0749615822702,5.72298762827384 45.0748187210803,5.72268305120923 45.0748829242072,5.72262476153779 45.0747825439791,5.72259458850238 45.0747895879224,5.72223391287448 45.0748767831441,5.7222011997609 45.0748838890508,5.72224722687037 45.0749935784314,5.72200255666495 45.0750608203252,5.72219292482928 45.0751318464719,5.7222674165046 45.0751210168367,5.72231935564544 45.0751954255308,5.722350054836 45.0752253068629,5.72280414259817 45.075124116084)))",CONSSURF0000000007535706,Barrage,
"MULTIPOLYGON (((5.70212806964462 45.1801509798969,5.70265273157323 45.1801472852384,5.70264989190701 45.179983382337,5.70264770460799 45.1799645154978,5.70210501314497 45.1799641419804,5.70211127878224 45.1799883157414,5.70212806964462 45.1801509798969)))",CONSSURF0000000007535699,Pont,
"MULTIPOLYGON (((5.70188818760239 45.1801955280909,5.7018872479923 45.1801234754024,5.70188499243779 45.1800505536303,5.70188461904661 45.1799901994943,5.70188371369766 45.1799451742669,5.70036887264249 45.1799674222862,5.69947166264467 45.1799855236269,5.69863091586966 45.1800121628235,5.69848327478629 45.1800148317758,5.69848286150068 45.1800589879067,5.69848144771316 45.1800824465721,5.69848099092554 45.1801257028139,5.69847898984568 45.1801897180524,5.69847658636464 45.1802717618541,5.69922226592565 45.1802285034139,5.70037948408735 45.1802131227936,5.70188818760239 45.1801955280909)))",CONSSURF0000000007535698,Pont,Pont de Catane
"MULTIPOLYGON (((5.69070857221334 45.1671921089586,5.69138835332844 45.1671856245125,5.69141774107312 45.1671083360782,5.69146052874903 45.1669919841547,5.6908151400852 45.1669985406413,5.69070857221334 45.1671921089586)))",CONSSURF0000000029999217,Pont,
"MULTIPOLYGON (((6.07860635065196 45.0270264123676,6.07909113984188 45.0270157039704,6.07911439311571 45.0268609782895,6.07873949968633 45.0268136817045,6.07860635065196 45.0270264123676)))",CONSSURF0000000007535708,Dalle,
"MULTIPOLYGON (((5.63840575780502 45.2894266973031,5.63842713674373 45.2894469144773,5.6386256729802 45.2893539378828,5.6386066733734 45.2893300608463,5.63855970714983 45.2892816174103,5.63854593512694 45.2892603198329,5.63833477771463 45.2893562968881,5.63836010921173 45.2893791236349,5.63840575780502 45.2894266973031)))",CONSSURF0000000069851872,Pont,
"MULTIPOLYGON (((5.62930497912012 45.294880898146,5.62939598092135 45.294699472213,5.62935879213282 45.2946958418906,5.62928437209814 45.2946876812707,5.62922920522859 45.2946817707696,5.62914457817779 45.2948630466888,5.62925750484755 45.2948757077322,5.62930497912012 45.294880898146)))",CONSSURF0000000069851871,Pont,
"MULTIPOLYGON (((5.77400004500813 45.2028545019153,5.77398692612714 45.2030007859868,5.77397914266155 45.2031262150476,5.7739699276412 45.203222848443,5.77416238069376 45.2032486998549,5.77416659334898 45.2031539926832,5.7741730140458 45.2030267955073,5.77418269193893 45.2028625773793,5.77400004500813 45.2028545019153)))",CONSSURF0000000007535680,Pont,
"MULTIPOLYGON (((5.68923617066318 45.1850121057926,5.68918720824971 45.1850006723282,5.68907265413178 45.1849764040991,5.68900947740582 45.1849608083197,5.68896684694477 45.1850014766683,5.68888773165863 45.1850781605664,5.68895735775421 45.1850954029218,5.68906440703564 45.1851225549,5.68911718707529 45.1851338964436,5.6892538945591 45.1851684421452,5.68933652351555 45.1850853667429,5.68937546630497 45.1850474899194,5.68923617066318 45.1850121057926)))",CONSSURF0000000007535702,Pont,
"MULTIPOLYGON (((5.77840609874847 45.1818468103808,5.77854604187806 45.1819964919638,5.77862001008122 45.1820748370907,5.77876667471156 45.1822315588817,5.77881707789721 45.1822203932274,5.7788838430483 45.1822052162606,5.7790022836718 45.182178841834,5.77900732846173 45.1821778152448,5.77910190703841 45.1821583416907,5.77896265202719 45.1819969309577,5.77888696308371 45.1819096191565,5.77876260147785 45.1817658568546,5.77870592633817 45.1817789805967,5.77862652734646 45.1817962739571,5.77848795307831 45.1818276541062,5.77840609874847 45.1818468103808)))",CONSSURF0000000007535695,Pont,
"MULTIPOLYGON (((5.71538031039772 45.1888190047429,5.7153472262084 45.1887936820151,5.71526122496748 45.1887282028318,5.71525341436532 45.1887247890293,5.715251044309 45.1887284504818,5.7152452504977 45.1887403037678,5.71518138708294 45.1888679902413,5.71513731881261 45.1889573552758,5.7151945791038 45.1890082175371,5.71524797795249 45.1890582727531,5.71531462814666 45.1891188169965,5.71534525488813 45.1891460014204,5.71538238790682 45.1890712202071,5.71546486126183 45.1889070428773,5.7154719276298 45.1888951586207,5.71547421011719 45.1888896973935,5.71543458779642 45.1888609299449,5.71538031039772 45.1888190047429)))",CONSSURF0000000007535693,Pont,
"MULTIPOLYGON (((5.74171584987776 45.1892068369967,5.74178257052147 45.1891385270716,5.74170518989029 45.1890935778181,5.74160257889493 45.1890537530179,5.74154011580733 45.1890012295743,5.74144359540138 45.189059459717,5.74138196474489 45.1891276444225,5.74133143356203 45.1891883488161,5.74140613626829 45.1892306612137,5.74150001619032 45.1892743044828,5.7415896015705 45.1893342704447,5.74163982318544 45.1892672668092,5.74171584987776 45.1892068369967)))",CONSSURF0000000007535690,Pont,
"MULTIPOLYGON (((5.74092320744837 45.1887109543402,5.74095650618235 45.1886885136212,5.74085455930947 45.1886621862603,5.74073325891669 45.1886309282574,5.7407002694372 45.1886596680344,5.74065622449646 45.1886967878889,5.74063784296309 45.1887116545733,5.74059989566965 45.1887432189282,5.74056322090258 45.1887747520257,5.74050693610392 45.1888220828939,5.74046780445737 45.1888554781988,5.74053895345587 45.1889032841548,5.74059421309779 45.188938866756,5.74063979596092 45.1889071149288,5.7407322341024 45.1888435799725,5.74077408747613 45.1888137215808,5.74081725756355 45.1887847318011,5.74087262301301 45.1887446310244,5.74092320744837 45.1887109543402)))",CONSSURF0000000007535689,Pont,
"MULTIPOLYGON (((5.77641504929563 45.1825928113595,5.77634213843695 45.1825612891115,5.77620417517543 45.1825025538671,5.77614302947746 45.1824770456493,5.77494428870404 45.1827348029354,5.77502056888391 45.1827572325843,5.77516962535204 45.1828084856636,5.7752680736405 45.1828411755996,5.77641504929563 45.1825928113595)))",CONSSURF0000000007535688,Pont,
"MULTIPOLYGON (((5.77982846069117 45.1835475694679,5.78009952116413 45.1839507613664,5.78013665573626 45.1840056968068,5.78028509273292 45.1840443450547,5.78047619281759 45.184095444904,5.78057815002058 45.1841217360615,5.78052167672758 45.1840366493899,5.78026764740455 45.1836429448877,5.78018263617853 45.1836243401252,5.77997526529982 45.1835790509488,5.77988766459733 45.1835596094913,5.77982846069117 45.1835475694679)))",CONSSURF0000000007535687,Pont,
"MULTIPOLYGON (((5.78182045809085 45.1872432933349,5.7817545117492 45.1872494417776,5.7816430240543 45.1872621310015,5.78157589484858 45.1872701107682,5.78152390123674 45.187275010383,5.78154620083346 45.1873645522642,5.78156845565691 45.1874531942843,5.78158762737287 45.1875311014246,5.78163462083875 45.1875281283476,5.78170688526329 45.1875209215495,5.78180714504938 45.1875130169855,5.78187181917943 45.1875069002268,5.78185347109694 45.1874199628373,5.78183471943073 45.1873249267216,5.78182045809085 45.1872432933349)))",CONSSURF0000000007535686,Pont,
"MULTIPOLYGON (((5.70775890068991 45.2061825369235,5.70786467175837 45.2060772634823,5.7077595317364 45.2061167522377,5.70716657251542 45.2063464575381,5.70715360381122 45.2064206498902,5.70707670289705 45.2065693692396,5.70708709140175 45.2066258772414,5.70755616764568 45.2064433230965,5.70767004467827 45.2064000188747,5.70768836665554 45.2063311023315,5.70775890068991 45.2061825369235)))",CONSSURF0000000007535682,Pont,
"MULTIPOLYGON (((5.78261586541963 45.2029680563605,5.78259875116178 45.2029315427415,5.78256619943916 45.2028665825232,5.78248159043681 45.2028822058775,5.78235774683927 45.2029033118334,5.78225931564616 45.202922883395,5.78220253011364 45.2029342092512,5.78222100671808 45.202972490934,5.78224915620038 45.2030258482174,5.7823162145181 45.2030160682956,5.78241227959933 45.2030001595716,5.78254371573457 45.2029779633549,5.78261586541963 45.2029680563605)))",CONSSURF0000000007535679,Pont,
"MULTIPOLYGON (((5.78304611664622 45.2040565276447,5.78301147922773 45.2040519851528,5.78288056696977 45.204033624716,5.78275738190991 45.204016873495,5.78284842251333 45.2041812856301,5.78291966832177 45.2043065479877,5.78299949437508 45.2044505170196,5.7831240933568 45.204674458166,5.78323700694234 45.2046896631118,5.78334469429433 45.2047022952893,5.78341901674336 45.2047103532633,5.78329754582758 45.2044980471754,5.78321653580709 45.2043559098081,5.78314524438581 45.2042297477774,5.78304611664622 45.2040565276447)))",CONSSURF0000000007535678,Pont,
"MULTIPOLYGON (((5.68748085838497 45.2076941204154,5.68752826390998 45.2076992860286,5.68755984560082 45.2076669928885,5.68761092878765 45.2076162114894,5.68754803026221 45.2076069141018,5.687537759348 45.207605359427,5.68745936779437 45.2075919301764,5.68737847356602 45.2075794620479,5.68725908517245 45.207561613689,5.68722489780363 45.2076191958456,5.68719541242713 45.2076685563487,5.68728245518794 45.2076763719239,5.6873656788835 45.2076842793469,5.68745144866266 45.207692125429,5.68748085838497 45.2076941204154)))",CONSSURF0000000007535677,Pont,
"MULTIPOLYGON (((5.78403694594259 45.2056770155727,5.78404481036513 45.2056047410249,5.78405376809656 45.2055288352931,5.78406076364629 45.2054646912362,5.78399509695619 45.2054257844947,5.78390579938393 45.2053730512371,5.78389944803689 45.2054245654892,5.78388944166973 45.2055050022509,5.78387843172523 45.2055908699183,5.78396882295704 45.2056399720165,5.78403694594259 45.2056770155727)))",CONSSURF0000000007535674,Pont,
"MULTIPOLYGON (((5.80697866342141 45.210522965243,5.80690806378854 45.2104877993484,5.80680095938553 45.2104364322022,5.80671869416907 45.2105240941677,5.80662551463512 45.2106228422889,5.80655170742991 45.2107012816216,5.80666144871372 45.2107543847195,5.80672800308143 45.210785147504,5.8068054934341 45.2107039124957,5.80689994581439 45.2106051322219,5.80697866342141 45.210522965243)))",CONSSURF0000000007535673,Pont,
"MULTIPOLYGON (((5.70258252264333 45.2082729171558,5.70255901576662 45.2082086177877,5.70244016969859 45.208254739739,5.70246266493916 45.2083244693068,5.70249471628176 45.2084336093379,5.70250619918639 45.208486487402,5.70263408773153 45.2084428493724,5.70261720744301 45.2083837953144,5.70258252264333 45.2082729171558)))",CONSSURF0000000007535675,Pont,
"MULTIPOLYGON (((5.6799876687087 45.215646633512,5.6799316708679 45.2156750055723,5.67988805931504 45.2156958728389,5.67990593161232 45.2157495004443,5.67993275970669 45.215803814075,5.67996947101024 45.2158515839371,5.67997359327734 45.2158577916029,5.68001610876564 45.2158937099249,5.68002409393527 45.2159007258285,5.68008834072724 45.2159379244959,5.68010014557911 45.2159448487272,5.68018107407145 45.2159843498275,5.68026338180028 45.2159994923455,5.68029920499535 45.216002236342,5.68035166211132 45.2159532274211,5.68041285873696 45.2159004049452,5.68035565025775 45.2159035799088,5.68030046939697 45.2158958948791,5.68024353975787 45.2158783414355,5.68022659878655 45.2158706395444,5.68018108494487 45.2158519111495,5.68014439720721 45.2158311690343,5.68012601011669 45.2158198980682,5.68009648618852 45.2157890736564,5.68008714134466 45.2157802885056,5.68006227802185 45.2157403428219,5.68005530670354 45.2157278969417,5.68003799626476 45.215685968113,5.68003635351048 45.2156517717591,5.68003492690972 45.2156220749255,5.6799876687087 45.215646633512)))",CONSSURF0000000007535670,Pont,
"MULTIPOLYGON (((5.81245764863157 45.2137205759084,5.81216013103569 45.2135334541608,5.8121133802631 45.2136175228971,5.81205139445084 45.2137281040787,5.81198595194349 45.213845980216,5.81224855246931 45.2140231698975,5.81232099520384 45.2139177312068,5.81239584777448 45.213809528791,5.81245764863157 45.2137205759084)))",CONSSURF0000000007535669,Pont,
"MULTIPOLYGON (((5.81627278149611 45.2168499869698,5.81621194085481 45.2168821551356,5.81615228245921 45.2169124914615,5.81603792187827 45.2169703360477,5.8159397488978 45.2170205643656,5.81598394385159 45.2170626977488,5.8160442345822 45.2171206431622,5.81614104362103 45.217068647157,5.81625531344088 45.2170090027635,5.81632111058627 45.2169740065899,5.81637203849456 45.216947494336,5.81630497291706 45.2168816109899,5.81627278149611 45.2168499869698)))",CONSSURF0000000007535668,Pont,
"MULTIPOLYGON (((5.82162797435538 45.2230965804416,5.82179354175793 45.2229419305519,5.82190067579548 45.2228419157804,5.82209438933657 45.2226640292715,5.82204863888349 45.2226165313346,5.82199215586064 45.2225584925749,5.82196395991765 45.2225303730337,5.82177288406157 45.2227099946689,5.82166584108783 45.2228118090133,5.82150286584078 45.2229672942243,5.82153247162924 45.2229980812647,5.82159836846198 45.2230657934258,5.82162797435538 45.2230965804416)))",CONSSURF0000000007535667,Pont,
"MULTIPOLYGON (((5.61831105949785 45.2696821469105,5.61822745092183 45.2696949163586,5.61802565984596 45.2696906332509,5.61793746688172 45.2696872931468,5.61790758506846 45.2697573643996,5.61797309103823 45.2697666414221,5.61822466560174 45.2697985883098,5.61831740091103 45.2698171375736,5.61831105949785 45.2696821469105)))",CONSSURF0000000007535663,Pont,
"MULTIPOLYGON (((5.6368863399383 45.2980178559443,5.63682483318606 45.2979859713054,5.63651496320362 45.2978311074049,5.63650973496266 45.2978285278356,5.63643080032746 45.2977790350378,5.63634370662263 45.2977459514332,5.63629058018252 45.2977832413308,5.63624867419985 45.29781486108,5.63621059352164 45.2978463906456,5.63620328350787 45.297853770469,5.63634504210532 45.297936018243,5.63642903477828 45.2979844909328,5.63655625659151 45.2980562698543,5.63680368939426 45.2982135066795,5.63681397005571 45.2981610097781,5.63672177230983 45.2981010185826,5.63671909427964 45.2980983788992,5.63670170838681 45.298081670923,5.63671279841836 45.2980462728114,5.63673256143965 45.2980322927846,5.63676694711891 45.2980305811687,5.63682169213854 45.2980274885996,5.6368863399383 45.2980178559443)))",CONSSURF0000000007535655,Pont,
"MULTIPOLYGON (((5.92305517444814 45.2982520287581,5.92302910863495 45.298217568918,5.92300020962456 45.2981777767958,5.92287209948881 45.2981937399812,5.92271348459998 45.2982123023737,5.92263363405782 45.2982233997878,5.92266064387256 45.2982758561405,5.92268892870361 45.2983282791662,5.92278370125323 45.2983095832822,5.9229364610713 45.2982767569502,5.92305517444814 45.2982520287581)))",CONSSURF0000000007535654,Pont,
"MULTIPOLYGON (((5.62061248973515 45.2948317637468,5.62058153291221 45.2946892407651,5.62017592294818 45.294777125741,5.62019395359773 45.2949433759251,5.62061248973515 45.2948317637468)))",CONSSURF0000000007535657,Pont,
"MULTIPOLYGON (((5.99786755860013 45.4063971049805,5.99780372137824 45.4064231428098,5.99765295653941 45.4064740339139,5.997582780647 45.4065011423024,5.99748607036765 45.4065343671377,5.99752906584862 45.4065962941648,5.99761423108426 45.4065624770645,5.99768308112064 45.4065345030262,5.99783237461625 45.4064800468353,5.99789237969506 45.4064541115249,5.99800265573635 45.4064115123048,5.99796402580216 45.4063593807876,5.99786755860013 45.4063971049805)))",CONSSURF0000000007535636,Pont,
"MULTIPOLYGON (((5.9871935716061 45.3771126795574,5.9869152907337 45.3769543007764,5.98669579733851 45.3770097151715,5.98660139539375 45.3770374635163,5.98663197516597 45.377106933372,5.98637092840753 45.3771742684521,5.98633950697065 45.3771129308301,5.98622983218862 45.377141987228,5.98600296678623 45.3772030033796,5.98599264865324 45.3773204208114,5.98598163337542 45.3774486699684,5.98617176422862 45.3773940400019,5.98626917597357 45.3773508931671,5.98624452468776 45.3772965837401,5.98638303327702 45.3772568463735,5.98652905713808 45.3772142051236,5.98666241007263 45.3771737038009,5.98671818648486 45.3772361939795,5.98697417450136 45.3771698941117,5.9871935716061 45.3771126795574)))",CONSSURF0000000007535639,Barrage,
"MULTIPOLYGON (((5.65722462421993 45.2358282479906,5.65724428696608 45.2358394924779,5.65885207603483 45.2364246872658,5.65891652241754 45.2363321587709,5.65729710064312 45.2357436379197,5.65722462421993 45.2358282479906)))",CONSSURF0000000008504080,Pont,
"MULTIPOLYGON (((5.6869113975057 44.9608533209401,5.68690415941017 44.960967007517,5.687077883315 44.9609646105739,5.68767125277857 44.9607430635759,5.68786442312143 44.9606699261266,5.68788811567605 44.9606612453344,5.68784481184838 44.9605785098553,5.68740904177324 44.9607259792056,5.68708503476391 44.9608491242993,5.6869113975057 44.9608533209401)))",CONSSURF0000000007535714,Dalle,
"MULTIPOLYGON (((6.02679448445023 45.432324035165,6.02722728732703 45.4328917682657,6.02737957079539 45.4328444018536,6.02697065611828 45.4322688152828,6.02679448445023 45.432324035165)))",CONSSURF0000000043954130,Pont,
"MULTIPOLYGON (((5.71569261776079 45.1884294040966,5.71570020942826 45.1884283184443,5.71576692560018 45.1882807413364,5.71579580626911 45.1882196750048,5.71594964750425 45.18787266988,5.71591322485077 45.1878834665646,5.71582032498878 45.1879118544953,5.71568349825584 45.1879539243821,5.71564957684442 45.187963759174,5.71549617423358 45.1882936351216,5.71546149947209 45.188366554673,5.71544609428797 45.18839035414,5.71540269243921 45.1884148346828,5.71523492223129 45.1885018032867,5.7148212210456 45.1887190844206,5.71483723612976 45.1887340110521,5.7148518473276 45.1887462689775,5.7153867558994 45.1884800907633,5.71554846358605 45.1884518311634,5.71556996602936 45.1884486051939,5.71558010285328 45.18844745763,5.71565092925932 45.1884367250027,5.71569261776079 45.1884294040966)))",CONSSURF0000000007535692,Pont,
"MULTIPOLYGON (((5.95459744914566 45.3100867462166,5.95484858362264 45.309934138835,5.95482740256046 45.3098959523426,5.95480905839437 45.3098630973287,5.95479444439613 45.3098283416329,5.95476247507748 45.3097552983717,5.9547444514024 45.3097044134747,5.95445314515735 45.3098941245397,5.95448330018147 45.30993297513,5.95453221522562 45.3099884505208,5.95455452812299 45.3100239039572,5.95457386098126 45.3100513264726,5.95459744914566 45.3100867462166)))",CONSSURF0000002206457384,Pont,
"MULTIPOLYGON (((5.70843185697749 45.1104799852801,5.7085017014567 45.1105035142431,5.70856637555342 45.1105253669382,5.70862956084776 45.1105427511207,5.7086545033979 45.1105061077915,5.70867988201549 45.1104784631676,5.70862037836502 45.1104582867606,5.70855189191234 45.1104365267351,5.70839818069761 45.1103889086116,5.70841171099638 45.1104318245277,5.70843185697749 45.1104799852801)))",CONSSURF0000002206530070,Pont,
"MULTIPOLYGON (((5.76206630659782 45.0656553348079,5.76213255615186 45.0656581965707,5.76222183909028 45.0656640908254,5.76225757004558 45.0656668084432,5.76226693485949 45.0655990055584,5.76223002306344 45.0655981191137,5.76214074022942 45.0655922248657,5.76207576050891 45.0655893316189,5.76206630659782 45.0656553348079)))",CONSSURF0000002206545646,Pont,
"MULTIPOLYGON (((5.76770266877246 45.0595016198263,5.76774472266702 45.0594780511168,5.76775472612875 45.0593976186228,5.76776686810056 45.0593090244984,5.76777185906504 45.0592557448537,5.76778021363993 45.0591933721886,5.76773457374799 45.0592215347497,5.76768539209659 45.0592551909666,5.76767717096308 45.0593202631337,5.76766823751168 45.0593709379247,5.7676598596926 45.0594585375463,5.76765408869261 45.0595217469381,5.76770266877246 45.0595016198263)))",CONSSURF0000002206545654,Pont,
"MULTIPOLYGON (((6.00539413168153 45.1142654144509,6.00533072827793 45.1142932545278,6.00519198823944 45.1143636731646,6.00514712341603 45.114452284994,6.00511033099682 45.1145253612521,6.00508106607054 45.1145964324499,6.00520380694595 45.1145597843216,6.00526397917827 45.1145428440918,6.00531320097308 45.1144405989259,6.00535063475286 45.1143557915971,6.00539413168153 45.1142654144509)))",CONSSURF0000002206545665,Pont,
"MULTIPOLYGON (((5.78957756386753 44.879133202828,5.78952586436013 44.8790363033665,5.78941869756638 44.8790471043381,5.78932968198388 44.8790916834985,5.78927827419283 44.8791281104346,5.78916951525599 44.8791578701532,5.78918378511703 44.8792665210415,5.78926415271162 44.879251889133,5.78946554520837 44.8791738556041,5.78957756386753 44.879133202828)))",CONSSURF0000000330766277,Dalle,
"MULTIPOLYGON (((5.79077259583332 44.8793401051304,5.79088295820403 44.879266159174,5.79059157357821 44.8790887987448,5.79050033453331 44.8790631641871,5.79034233614154 44.8790455139281,5.79017656577933 44.8790244551684,5.78999361505934 44.8790146388005,5.78987818429782 44.8790121343428,5.78974146334456 44.8790146693107,5.78962042063051 44.8790267200833,5.78952586436013 44.8790363033665,5.78957756386753 44.879133202828,5.78965051694255 44.8791223605657,5.78973237337861 44.8791121954199,5.78979809110416 44.8791087421178,5.79041486706101 44.8791536011918,5.79052147146905 44.879182453206,5.79063168088799 44.879232836215,5.79071576190805 44.8792928850036,5.79077259583332 44.8793401051304)))",CONSSURF0000000007535717,Dalle,
"MULTIPOLYGON (((5.67996938046333 45.2183174636989,5.68005967709877 45.2183396222852,5.68015774317346 45.2183642971737,5.68018996422349 45.2183716323986,5.68029136583898 45.2182800055905,5.68026805775559 45.2182724564915,5.68016222244163 45.218245265326,5.68006296976545 45.2182224208065,5.67996938046333 45.2183174636989)))",CONSSURF0000002206614585,Pont,
"MULTIPOLYGON (((5.62738500028193 45.2949584553236,5.62743188203919 45.2949240192716,5.62750192868368 45.2948665155558,5.62754345541435 45.2948267996527,5.62745581984418 45.2947820099456,5.62741930841163 45.294819806115,5.62736022793348 45.2948662409174,5.62730467543946 45.2949062862539,5.62734670798401 45.2949314259245,5.62738500028193 45.2949584553236)))",CONSSURF0000002206611165,Pont,
"MULTIPOLYGON (((5.67867027741935 45.2188720772221,5.67873329665082 45.2189102071372,5.67873823711016 45.2188803575651,5.67874716734864 45.2188008605072,5.67875118019972 45.2187782407167,5.67869088052287 45.218743649354,5.67868822735931 45.2187680384128,5.67867394461986 45.2188422581925,5.67867027741935 45.2188720772221)))",CONSSURF0000002206614586,Pont,
"MULTIPOLYGON (((5.77285661162312 45.255014545185,5.77291747726946 45.2550328566001,5.77296713852015 45.2549541395669,5.77290499888273 45.2549358597928,5.77285661162312 45.255014545185)))",CONSSURF0000002206611191,Pont,
"MULTIPOLYGON (((5.53833205452331 45.2795673400529,5.53839735773345 45.2795442358686,5.53845760288417 45.2795221473832,5.53850645723278 45.2795021192861,5.53846657497021 45.2794669887836,5.53841759765706 45.2794843169554,5.5383599840161 45.2795081474762,5.53830232933406 45.2795310779982,5.53833205452331 45.2795673400529)))",CONSSURF0000002206614606,Pont,
"MULTIPOLYGON (((5.46872375123695 45.211565367088,5.46881971738121 45.211458745572,5.46886236900302 45.2114145612685,5.46859092831972 45.2112998463738,5.46856005416549 45.2113509771245,5.46847184654532 45.211460129498,5.46844387613506 45.2114904762037,5.46869339372062 45.2115993700774,5.46872375123695 45.211565367088)))",CONSSURF0000000007535683,Pont,
"MULTIPOLYGON (((5.41995190030858 45.1961546442657,5.42000932231462 45.1961272751959,5.4196371505085 45.1958596841731,5.41888498524574 45.1953201639449,5.41862067158052 45.1951304077478,5.41856811823931 45.195093710914,5.41777133148321 45.1945236209499,5.41771907948471 45.1945526785914,5.41760891267387 45.1946271315585,5.41754568599315 45.1946969646014,5.41839531021779 45.1952514982046,5.41845168225617 45.1952881124003,5.41875400203431 45.1955022691718,5.419253461436 45.1958553872874,5.41957103784431 45.1960980383417,5.41978450622228 45.1962609684264,5.41984431815178 45.1962299442789,5.41995190030858 45.1961546442657)))",CONSSURF0000000007535694,Pont,
"MULTIPOLYGON (((5.44002913503695 45.2046901177784,5.43988348182731 45.2045356516611,5.43988203976537 45.2044735244891,5.43973660710883 45.2044406681921,5.43956802302644 45.2044029124217,5.4396165295797 45.2044631104656,5.4397686653539 45.2046201378178,5.4398567816299 45.2047119009207,5.43997520466254 45.2047390413301,5.44007819328336 45.2047629154945,5.44002913503695 45.2046901177784)))",CONSSURF0000000007535685,Pont,
"MULTIPOLYGON (((5.48104901531205 45.2247728029162,5.48120999285553 45.2247521107031,5.48128573149172 45.2247639413209,5.48123592405499 45.224532623499,5.48122245334078 45.2244590514671,5.48114098799749 45.2244617619264,5.48097738416817 45.2244807106518,5.48091621508352 45.2244811684029,5.48094318845725 45.224600384876,5.4809840253217 45.2247733455661,5.48104901531205 45.2247728029162)))",CONSSURF0000000007535671,Pont,
"MULTIPOLYGON (((5.49742687324067 45.2407605290613,5.49739525210431 45.2407378130284,5.49732137551459 45.2406827089707,5.49726438891784 45.2407200177891,5.49720497537518 45.2407600834532,5.49714428786081 45.2408001775569,5.49713441916372 45.2408076051402,5.49711332727695 45.2408206888203,5.49706875689162 45.2408505130174,5.49715828281633 45.2409133753888,5.49720173166431 45.2409439350421,5.49723491765482 45.2409161669926,5.49727188497571 45.2408874135397,5.49732472765756 45.2408429903176,5.49738011802765 45.240798510124,5.49742687324067 45.2407605290613)))",CONSSURF0000000007535666,Pont,
"MULTIPOLYGON (((5.72505454990697 45.1514505913552,5.72511147031175 45.151442894182,5.72526197161775 45.1514220993572,5.72528850224811 45.1514178473902,5.72508735180222 45.1507137171215,5.72505718197817 45.1507216617365,5.72490308686085 45.1507470488465,5.72485888425732 45.1507544352587,5.72505454990697 45.1514505913552)))",CONSSURF0000002002707284,Pont,
"MULTIPOLYGON (((5.66240519110736 45.253450724785,5.66248504409913 45.2534668411463,5.66254552794015 45.2534780132839,5.6626086459402 45.2534909245114,5.66270264297038 45.2535094065469,5.66275224346754 45.253426238984,5.66267230449781 45.253408322978,5.66260137014267 45.2533919942549,5.66252661356995 45.2533757565541,5.66235768844905 45.2533374368857,5.66240519110736 45.253450724785)))",CONSSURF0000002002707287,Pont,
"MULTIPOLYGON (((5.68825361162404 45.2235744896416,5.6883075554852 45.2236092291256,5.68836281617775 45.2236448378363,5.68843905845718 45.2236925547407,5.68848905224342 45.2237246863835,5.68865580201618 45.2235341765829,5.68859100474226 45.2235123117729,5.68850939321295 45.2234854459846,5.68844591281425 45.2234644503413,5.68837075510986 45.2234392310018,5.68825361162404 45.2235744896416)))",CONSSURF0000002002707529,Pont,
"MULTIPOLYGON (((5.71952881788073 45.1805049412026,5.71964141213485 45.1802535353315,5.71953786656861 45.1802461480855,5.7194701232057 45.1802414921579,5.71893072148111 45.1802041812614,5.71879264637043 45.1801940307395,5.71858941669165 45.180180061477,5.7186177918168 45.1803964991173,5.71863191372425 45.1805033681156,5.71864261438833 45.1805923014635,5.71866449790259 45.1807800668643,5.7188217042589 45.1807906524772,5.7191616528129 45.1808130027918,5.71938401477515 45.1808274058495,5.71947936564728 45.1806142602043,5.71950472798511 45.1805595852035,5.71952881788073 45.1805049412026)))",CONSSURF0000000007535697,Pont,
"MULTIPOLYGON (((5.93343066441322 45.3236038392361,5.9333945271506 45.3236210058633,5.93349644594473 45.323712945326,5.93353400100329 45.3236984446832,5.93362106046819 45.3236538119531,5.93367316332778 45.3236245127849,5.93357507101125 45.3235324731494,5.93352769105898 45.3235544399278,5.93343066441322 45.3236038392361)))",CONSSURF0000000217075426,Pont,
"MULTIPOLYGON (((5.96983486330336 45.3589173761204,5.96996975619314 45.3588345021065,5.97007114861755 45.3587705384034,5.97002476963331 45.3585960572742,5.96991294720258 45.358680121506,5.9697786309034 45.3587737931799,5.96967843872531 45.3588602518915,5.9697295933369 45.3589805413723,5.96983486330336 45.3589173761204)))",CONSSURF0000000007535641,Pont,
"MULTIPOLYGON (((5.99954147018405 45.4124554909784,5.99945301375039 45.412475880876,5.99929531228826 45.4125170473522,5.99923476729307 45.4125330855705,5.99915795410297 45.4125558669091,5.99915923423222 45.4126270199851,5.99923732505884 45.4126042044516,5.99929531505399 45.4125882346207,5.9994580783155 45.4125460315526,5.99954231382405 45.4125185457946,5.99964016515283 45.4124825855376,5.99963612000799 45.4124313307953,5.99954147018405 45.4124554909784)))",CONSSURF0000000007535635,Pont,
"MULTIPOLYGON (((5.70162233497371 45.1586983125844,5.70160357998061 45.158652818898,5.70158172471755 45.1585695608735,5.70156414518924 45.1585483640545,5.70154121687125 45.1585218911267,5.70090023594367 45.158617594446,5.70093643910306 45.1586815855181,5.70097417539408 45.1587509450928,5.70099933297348 45.1587971848029,5.70162233497371 45.1586983125844)))",CONSSURF0000000293093480,Pont,
"MULTIPOLYGON (((5.69298615088524 45.1354071866498,5.69299954527483 45.135447405048,5.69321287704931 45.1354368475745,5.69319821112859 45.1353966599064,5.69316182838601 45.135302039966,5.69314558750557 45.1352555838188,5.69311871186994 45.1351733472948,5.69310693586263 45.1351402972701,5.69291305271168 45.135184620263,5.69292491536498 45.1352194700737,5.69294728258599 45.1352874006286,5.69296522845362 45.1353428249293,5.69298615088524 45.1354071866498)))",CONSSURF0000000296662734,Pont,
"MULTIPOLYGON (((5.7094331347169 45.1586674568175,5.70932592245909 45.15837365083,5.70928548378848 45.1583800385398,5.70917943045895 45.1583988309411,5.70899508702998 45.1584312365758,5.70881705921988 45.1584625876119,5.70893132691576 45.1587706377762,5.70909523375159 45.1587369266568,5.70927172843487 45.1587002067757,5.70938519541717 45.1586767295451,5.7094331347169 45.1586674568175)))",CONSSURF0000000293093483,Pont,
"MULTIPOLYGON (((5.66358404735254 45.2375705792899,5.66361421415835 45.237534723425,5.66367700913157 45.2374611511053,5.66373496696227 45.237393099716,5.66362008567884 45.2373372777234,5.66356590594771 45.2374043380354,5.66350332579478 45.2374824098648,5.66347320192612 45.2375191656139,5.66358404735254 45.2375705792899)))",CONSSURF0000000330767631,Pont,
"MULTIPOLYGON (((5.66808022214374 45.2415932080292,5.66804729309829 45.2416246263988,5.66803876390581 45.2416329385512,5.6682524242141 45.2417539680434,5.66826354408915 45.241746494946,5.66829690369642 45.2417240756473,5.66831657775854 45.2416821624584,5.66811328032637 45.2415644893908,5.66808022214374 45.2415932080292)))",CONSSURF0000002002707235,Pont,
"MULTIPOLYGON (((6.00286663670438 45.4358087771562,6.00293261004804 45.4357979988216,6.00307453805715 45.4357716690963,6.00314572085386 45.435762553301,6.00303112953028 45.4354421244214,6.00295886357712 45.4354548736109,6.00282185406632 45.4354774670182,6.00276232001919 45.4354889739244,6.00286663670438 45.4358087771562)))",CONSSURF0000000007535633,Pont,
"MULTIPOLYGON (((5.99315383764605 45.3993215228277,5.99302785759502 45.399357328251,5.99288250709894 45.3994134752313,5.99274265272735 45.3994766840014,5.99280542573848 45.3995497984645,5.99293127900213 45.3994878647643,5.9930751586552 45.3994281526159,5.9931888686633 45.399378257353,5.99315383764605 45.3993215228277)))",CONSSURF0000000007535638,Pont,
"MULTIPOLYGON (((5.86038586785169 44.9200303664784,5.86045420784041 44.920027705871,5.86044615897298 44.9199693517145,5.86039640757534 44.9196652125149,5.86033575819649 44.9196694769689,5.86038586785169 44.9200303664784)))",CONSSURF0000002000427590,Ecluse,
"MULTIPOLYGON (((5.7666213325657 45.0818466891115,5.7666416073997 45.0818966386726,5.7667448905956 45.0818508283176,5.76666627914999 45.0818041293754,5.7666213325657 45.0818466891115)))",CONSSURF0000002000427591,Ecluse,
"MULTIPOLYGON (((5.89589059431797 45.2676502790469,5.89593692404944 45.2676824170966,5.89646451078827 45.2673011227179,5.89642601374521 45.2672723860674,5.89638902482192 45.267248115516,5.89633453520076 45.267206277686,5.89580349965718 45.2675948691025,5.89584723398003 45.2676261733907,5.89589059431797 45.2676502790469)))",CONSSURF0000000246635939,Pont,
"MULTIPOLYGON (((5.67940452979328 45.0733781962508,5.67977123585677 45.0737342442639,5.67984710912579 45.0731152948949,5.67947231263027 45.0727495318618,5.67940452979328 45.0733781962508)))",CONSSURF0000000039536833,Pont,
"MULTIPOLYGON (((6.08246629140793 45.2363476278261,6.0816226121437 45.2367052189549,6.08168835418389 45.2367178230851,6.08175746910016 45.2367222241088,6.08184204500548 45.2367063740479,6.08192931696734 45.2366931528757,6.08202690622019 45.2366589213713,6.08216220175411 45.2366146382508,6.08222238276697 45.2365958565522,6.08226790917587 45.2365657647203,6.08232567273934 45.2365263240686,6.08238801299726 45.2364543170228,6.08244316001436 45.2363906184542,6.08246629140793 45.2363476278261)))",CONSSURF0000000007535665,Barrage,
"MULTIPOLYGON (((5.96787634765911 45.3520562017223,5.96797952534834 45.352049861705,5.96796754923548 45.351969081775,5.96794084394267 45.3518517479806,5.96782788919206 45.3518664569429,5.96761380088666 45.3519018687032,5.96752754945984 45.3519140672419,5.96755902270051 45.3520249671308,5.96757983545432 45.3521037106546,5.96767090392992 45.3520859778757,5.96787634765911 45.3520562017223)))",CONSSURF0000000252462901,Pont,
"MULTIPOLYGON (((5.98942213553936 45.3689532634089,5.98946813943355 45.3689529362601,5.98942575267353 45.3688540463977,5.98937984556219 45.368856173137,5.98930438461211 45.368855484495,5.9892608855302 45.3688548436127,5.98930724667551 45.3689563307084,5.98934681950782 45.3689552742074,5.98942213553936 45.3689532634089)))",CONSSURF0000000253539944,Pont,
"MULTIPOLYGON (((5.65113597731324 45.219602054584,5.65126694486153 45.2196755247917,5.65132210587787 45.2196291687593,5.65118969397252 45.2195521291797,5.65113597731324 45.219602054584)))",CONSSURF0000000292956540,Dalle,
"MULTIPOLYGON (((5.71080479832474 45.1645217957736,5.71137432445185 45.1642385750168,5.711348277063 45.164200467433,5.71131850591019 45.1641381248644,5.71130395051138 45.1641006389512,5.71074201392975 45.1643827740305,5.71075788474163 45.1644211289964,5.71078528609907 45.1644871330562,5.71080479832474 45.1645217957736)))",CONSSURF0000000292731477,Pont,
"MULTIPOLYGON (((5.696573048753 45.1502273489263,5.69663852626338 45.1502122520025,5.69674553584417 45.1501871416192,5.69682482831842 45.1501681068528,5.69664572448461 45.1498075583293,5.69657270410266 45.149824639483,5.69646192346078 45.1498507418082,5.69640148971376 45.1498648157785,5.696573048753 45.1502273489263)))",CONSSURF0000000293093484,Pont,
"MULTIPOLYGON (((5.65484725467772 45.0025424545207,5.65490252052958 45.002556450781,5.65501791254313 45.0025798228146,5.65509022215332 45.0026051237546,5.65525460439792 45.0026975954159,5.65526910740945 45.0026017555265,5.65517298543436 45.0025563026429,5.65498400399862 45.0024806338199,5.65485853899611 45.0024322773599,5.65481249324495 45.0024252681476,5.65484725467772 45.0025424545207)))",CONSSURF0000000293625769,Pont,
"MULTIPOLYGON (((5.69998678065389 45.157423439375,5.70016543944269 45.1573524459471,5.7002066716764 45.1573361320298,5.70029290818442 45.1573025119088,5.70039410248425 45.157262223092,5.70045910855166 45.1572372251735,5.70047283807054 45.1572314872053,5.70053407196494 45.1572074814902,5.70039151815904 45.1570244381188,5.70029308558322 45.1570691647819,5.70027435562946 45.1570768256378,5.70026189799797 45.1570825327962,5.70007244596874 45.1571673016886,5.70003880154625 45.1571825309758,5.69989922318858 45.1572453709171,5.69998678065389 45.157423439375)))",CONSSURF0000000293093479,Pont,
"MULTIPOLYGON (((5.44320971913532 45.0715326006783,5.44335011815288 45.0714871826723,5.44329315904634 45.0714055562332,5.44316030191709 45.0714490071186,5.44320971913532 45.0715326006783)))",CONSSURF0000000296027604,Dalle,
"MULTIPOLYGON (((5.44766671567649 45.0742029956315,5.44778017940574 45.0741230316863,5.44753772565176 45.0738409953953,5.447422293177 45.0738759610882,5.44755147000892 45.0740388749692,5.44766671567649 45.0742029956315)))",CONSSURF0000000296027603,Dalle,
"MULTIPOLYGON (((5.62013734853493 45.2707240734303,5.62018934942483 45.2707174490126,5.6202625885529 45.2707283453299,5.62035039730098 45.2707506121566,5.62255299865143 45.2715179053763,5.62259472737653 45.2714556631796,5.62263462686931 45.2714087796895,5.62023304743257 45.2705884928608,5.62020189880394 45.2706315666235,5.62014924746294 45.2707057759575,5.62013734853493 45.2707240734303)))",CONSSURF0000000297836216,Pont,
"MULTIPOLYGON (((5.70171599731899 45.1681622150747,5.70178329845779 45.1681317554016,5.70190003801053 45.1680964948032,5.70196246822792 45.1680706576682,5.70195654866218 45.1678167357992,5.70189030238425 45.1678426653408,5.70177256185408 45.1678572285482,5.70170161886487 45.1678913801621,5.70171599731899 45.1681622150747)))",CONSSURF0000000293093482,Pont,
"MULTIPOLYGON (((5.65986152951268 45.2245443327846,5.65992346947333 45.224559975516,5.65996210249028 45.2244878815876,5.65988865883571 45.2244716118944,5.65986152951268 45.2245443327846)))",CONSSURF0000000292956542,Dalle,
"MULTIPOLYGON (((5.6524531489584 45.2202527854904,5.65238844339303 45.2203128827415,5.65261383331221 45.2204417686618,5.65267747941 45.2203862010993,5.6524531489584 45.2202527854904)))",CONSSURF0000000292956541,Dalle,
"MULTIPOLYGON (((5.78405463094369 45.1850603825163,5.78400505227992 45.1849859371705,5.78392854354705 45.1848824313034,5.78385681075636 45.1847724994354,5.78374358376939 45.1845969302152,5.78337318553808 45.1845016546281,5.78355352101869 45.1846944710425,5.78366001327057 45.1848116449568,5.78374384200584 45.1849086615867,5.78388671107847 45.1850654719618,5.78405463094369 45.1850603825163)))",CONSSURF0000000070273181,Pont,
"MULTIPOLYGON (((5.65860117657791 45.2238058419845,5.6586476790484 45.2237650939533,5.65849308456373 45.2236777792861,5.65844666782997 45.22372032708,5.65860117657791 45.2238058419845)))",CONSSURF0000000292956543,Dalle,
"MULTIPOLYGON (((5.646537751203 44.9796274919478,5.64651888087096 44.9795504657224,5.6464569677803 44.9795564434164,5.64632570436364 44.9795721791712,5.64627904818474 44.9795786946002,5.64629631027156 44.9796485521249,5.64634436190083 44.9796447061108,5.64647194939455 44.9796317604373,5.646537751203 44.9796274919478)))",CONSSURF0000000296026805,Pont,
"MULTIPOLYGON (((5.78193490123874 45.1921723869554,5.7819975737714 45.1921771318608,5.78205133794995 45.1921820987538,5.78206579043412 45.1921141652686,5.78213196677538 45.1921125159312,5.78220832408736 45.1921106128009,5.78220653946716 45.1919214520735,5.78218518610832 45.190802970807,5.78218372239916 45.1907480476973,5.78211359533537 45.1907470926428,5.78202442426635 45.1907475131623,5.78202950952088 45.1908239694541,5.78195810977176 45.1908230460192,5.78189439043354 45.1908228321037,5.78189713787793 45.1909290788972,5.78192902531339 45.1920545053958,5.78192833579841 45.1920662352818,5.78193490123874 45.1921723869554)))",CONSSURF0000000007535684,Pont,
"MULTIPOLYGON (((5.78140165469878 45.1816514657723,5.78138871266007 45.1815707005819,5.78137170144602 45.1814594036621,5.78136573214519 45.1814163056402,5.78128898590815 45.1814101094738,5.78121907773951 45.1814388808604,5.78122477792281 45.1814765797461,5.78123879573646 45.1815789415312,5.7812455998139 45.1816643645675,5.78133058054169 45.1816568409394,5.78140165469878 45.1816514657723)))",CONSSURF0000000007535696,Pont,
"MULTIPOLYGON (((5.62012392149743 45.2942413879879,5.62025397592777 45.2942383408948,5.62042831822556 45.2942270484625,5.62048182770126 45.2942248937084,5.62043449122973 45.2939512182993,5.62037176046379 45.2939472825711,5.62019729205512 45.2939558750907,5.62010043156754 45.2939590453803,5.62012392149743 45.2942413879879)))",CONSSURF0000000331233306,Pont,
"MULTIPOLYGON (((5.62042627445202 45.2951334351217,5.62047196509524 45.2951278598631,5.620631395448 45.2950979969856,5.62066828760284 45.2950953306201,5.62062934147303 45.2949457873873,5.62059614759745 45.2949456642817,5.62043234219864 45.2949639174988,5.62040560307974 45.2949924729561,5.62042627445202 45.2951334351217)))",CONSSURF0000000331233307,Pont,
"MULTIPOLYGON (((5.88050980206319 44.8644040658691,5.8807045043082 44.8644458609695,5.88073158919329 44.8643811913674,5.88076603395749 44.8643118260285,5.88056397217911 44.8642747267562,5.88053819846252 44.8643402632174,5.88050980206319 44.8644040658691)))",CONSSURF0000000336632389,Pont,
"MULTIPOLYGON (((5.62741919605982 45.272758639878,5.62730108729633 45.2727704250479,5.62729908785685 45.2728092121115,5.62729330163885 45.2729300729787,5.62729066398635 45.2729823890217,5.6274054198095 45.2729265370087,5.62740843917892 45.2728823203773,5.62741596457905 45.2727983568342,5.62741919605982 45.272758639878)))",CONSSURF0000000339026677,Pont,
"MULTIPOLYGON (((6.1404917091525 45.0522742849905,6.1405227196004 45.0523058498822,6.14054362676859 45.052338600852,6.14054519249066 45.0523664907877,6.14053909233304 45.0523936958561,6.14056573960141 45.0524154717116,6.14064408477337 45.052384426574,6.14070268430268 45.0523413229764,6.14071385480266 45.0523365023713,6.14068751057084 45.0523201246033,6.14075926331903 45.0522622323392,6.14075347926928 45.052249780101,6.14073261604832 45.0522404565309,6.14069707773627 45.0522414590224,6.14066748147809 45.052235085087,6.14064671929432 45.0522275608513,6.14060899609511 45.0522349326466,6.14058259490052 45.0522401828632,6.14055558761402 45.0522346369698,6.14052466508664 45.0522499268069,6.14051384813374 45.0522610451203,6.1404917091525 45.0522742849905)))",CONSSURF0000000348100054,Barrage,
"MULTIPOLYGON (((5.9899949289767 45.3693353521996,5.99014317432394 45.369429612829,5.99023246421635 45.3693308111335,5.99010197482177 45.3692577027516,5.9899949289767 45.3693353521996)))",CONSSURF0000000349338976,Pont,
"MULTIPOLYGON (((5.75405192842778 45.3637386116926,5.75408039849832 45.3637198914856,5.75408779061072 45.363714303682,5.75411260914634 45.3636992772696,5.75403412870174 45.363559751233,5.75401181878192 45.363573814929,5.7539976581512 45.3635975891365,5.75398934581337 45.3636104075392,5.75405192842778 45.3637386116926)))",CONSSURF0000002207127629,Pont,
"MULTIPOLYGON (((5.80160354086075 45.0538085939155,5.80211171801755 45.0537021079176,5.80202989461331 45.0535149663804,5.80152158382494 45.0536187525366,5.80160354086075 45.0538085939155)))",CONSSURF0000000358016574,Pont,
"MULTIPOLYGON (((5.8139279648919 45.0543420325371,5.81398382162547 45.0543406210174,5.8139862855209 45.0541621686942,5.81392408162946 45.0541637406134,5.8139279648919 45.0543420325371)))",CONSSURF0000000358016548,Pont,
"MULTIPOLYGON (((5.71302008437043 45.1576144749246,5.71321029722111 45.1575981367468,5.71281392535254 45.1561491502657,5.71273941545051 45.156135646128,5.7126713479568 45.1561499144938,5.7126311735342 45.1561617026886,5.71302008437043 45.1576144749246)))",CONSSURF0000002215607405,Pont,
"MULTIPOLYGON (((5.66073722591828 45.2195701334663,5.6607413177501 45.219602469637,5.66075436587994 45.2197156765703,5.66075888695899 45.2197570118641,5.6607995902687 45.2197551412124,5.66082675922054 45.219763503279,5.66085520120409 45.2196916518044,5.66087321345066 45.2196416712472,5.66088699089328 45.219609810279,5.66073722591828 45.2195701334663)))",CONSSURF0000002215946908,Pont,
"MULTIPOLYGON (((5.66029232526275 45.2193293710136,5.66036483228499 45.2193528700533,5.66039072766488 45.2193612625562,5.66040868311356 45.219283354464,5.66037646413819 45.2192760135331,5.66030477259512 45.2192696128361,5.66026894828695 45.2192668624265,5.66025993461896 45.2193184303995,5.66029232526275 45.2193293710136)))",CONSSURF0000002215946999,Pont,
"MULTIPOLYGON (((5.71244425546758 45.1637963331972,5.71265753400017 45.1636776290533,5.71299719424832 45.1634603513938,5.71288388345668 45.1632775121955,5.71229933805768 45.1635133561224,5.7123258184618 45.1635865897607,5.71239386880643 45.1637290864177,5.71244425546758 45.1637963331972)))",CONSSURF0000002220777802,Pont,
"MULTIPOLYGON (((5.68546744300156 45.2111958742252,5.68549759847069 45.2111338849084,5.68553114004332 45.2110628047211,5.68543596014124 45.2110714003108,5.68535210824813 45.2110770205763,5.68531777763392 45.2110787470934,5.6852694428243 45.211080810362,5.68517909542776 45.2110838838673,5.68513025892165 45.2111814590552,5.68508243550799 45.2112736042037,5.68506392794476 45.2113127897563,5.68482401141257 45.2117834447093,5.68462615646623 45.2121747058994,5.6845865938043 45.2122531380797,5.68456329612726 45.2122987452965,5.68455279050988 45.2123188185918,5.68462469241092 45.2123297032279,5.68470177349617 45.2123422651882,5.68477753817406 45.2123539578028,5.68486225815544 45.2123663359978,5.68497652805054 45.2121716877426,5.68502953155035 45.2120812199767,5.68507893203437 45.2119953435319,5.68522637008096 45.2116953881019,5.68532619990998 45.2114920772598,5.68545012221789 45.211233229422,5.68546744300156 45.2111958742252)))",CONSSURF0000000007535676,Pont,
"MULTIPOLYGON (((5.66069709325655 45.019080862743,5.66083317810164 45.0190577895741,5.66094274727023 45.0190380529023,5.6608978983573 45.0189229103202,5.66079095244508 45.0189443860151,5.66065495339239 45.0189692588681,5.6605706310665 45.0189856890194,5.660612770775 45.0190972929268,5.66069709325655 45.019080862743)))",CONSSURF0000000296026804,Pont,
"MULTIPOLYGON (((6.02540883458807 45.0639585768037,6.02538148393607 45.0639935597752,6.02569494838973 45.0641003782909,6.02571946773655 45.0640600658524,6.02574428317322 45.0640017243318,6.02577002333239 45.0639604776607,6.02546906046144 45.0638497155411,6.02544219657037 45.0638936958193,6.02540883458807 45.0639585768037)))",CONSSURF0000000291630784,Pont,
"MULTIPOLYGON (((6.03145863954234 45.054909677684,6.03165138315118 45.0549476805322,6.03175148927195 45.0546133677564,6.03161249814118 45.05458201109,6.03145863954234 45.054909677684)))",CONSSURF0000000331921154,Pont,
"MULTIPOLYGON (((5.71876799800465 45.0688387334083,5.71892997724436 45.0686924334044,5.71908314918827 45.0686526573375,5.71916665302165 45.0686443123724,5.71904703615409 45.0684066853778,5.71880865265192 45.0684719654373,5.71855245299923 45.0684322715767,5.71876799800465 45.0688387334083)))",CONSSURF0000002000427586,Barrage,
"MULTIPOLYGON (((5.63322057369814 44.9168751472759,5.63330027306201 44.9167903795811,5.63346389409704 44.9166567780642,5.63361561042192 44.9165396738843,5.63381283250632 44.9163926632928,5.63391422894094 44.9163109841346,5.63403407095496 44.9161901308093,5.63400675716657 44.9161754639243,5.63393127488602 44.9161340126485,5.63388964993871 44.9161115773686,5.63381729755095 44.9161907662023,5.63374886979962 44.916245538891,5.63359398902421 44.9163762310913,5.63336379857156 44.9165771731521,5.63310625230848 44.9168165989558,5.63317379814653 44.916851032095,5.63322057369814 44.9168751472759)))",CONSSURF0000002101294496,Pont,
"MULTIPOLYGON (((5.53510315241567 45.2931342777353,5.53512881747794 45.2931372995495,5.53512775276286 45.2931139002561,5.53512541298667 45.2930905298667,5.53510843156612 45.2928575814302,5.53500824006942 45.2928436363691,5.53485754345852 45.2928137188805,5.53487291457501 45.2928710281344,5.53491063499806 45.2930548578455,5.53492280095441 45.2930978253317,5.53492744508754 45.2931157380846,5.53510315241567 45.2931342777353)))",CONSSURF0000002101296888,Pont,
"MULTIPOLYGON (((5.70311505972296 45.1896951084438,5.70311351689101 45.1897158675487,5.70337195333528 45.1898168213994,5.703673974521 45.1900284362697,5.70399208949377 45.1902829059345,5.70401205910309 45.1902743136789,5.70413868398186 45.1902054771897,5.70416708229927 45.190186770313,5.70397558503047 45.190021130512,5.70380865250923 45.1898891313365,5.70373183296238 45.1898288268156,5.70360376886018 45.1897364284476,5.70346740714372 45.1896568441456,5.70331413595814 45.1896227164753,5.70320759412478 45.1896063768105,5.70311197411839 45.1896050886309,5.70311363023867 45.1896392844488,5.70311505972296 45.1896951084438)))",CONSSURF0000002101531867,Pont,
"MULTIPOLYGON (((5.68642992567484 45.1199009188814,5.6864469516916 45.1199374465066,5.68648127984271 45.1199897738414,5.68649774353474 45.1200146029964,5.68723060996036 45.1197744124057,5.68721015984414 45.119746075743,5.68717214789445 45.1196965401873,5.68716173623002 45.1196652587859,5.68642992567484 45.1199009188814)))",CONSSURF0000002101754354,Pont,
"MULTIPOLYGON (((5.32659190986153 45.1366656005108,5.32668129912077 45.1367033708552,5.32667564784644 45.136659349671,5.3266704436369 45.1365955016163,5.32664024660275 45.1364204760591,5.32663567958771 45.1363719282711,5.32664169755447 45.1363330684411,5.32654082714262 45.1362946367839,5.32653230340813 45.1363344496749,5.32654442491841 45.1363810382817,5.32656938534458 45.1365525699045,5.32658105984562 45.13661898538,5.32659190986153 45.1366656005108)))",CONSSURF0000002101754348,Pont,
"MULTIPOLYGON (((5.32706627029921 45.1368403675947,5.32760754771124 45.1370632801083,5.32760035840376 45.1369823583363,5.32758953219246 45.1368141350754,5.32758290215778 45.1367160864781,5.32701331580884 45.1364856574101,5.32702869604018 45.1365799202559,5.32705650112147 45.1367585988397,5.32706058122233 45.136795446413,5.32706627029921 45.1368403675947)))",CONSSURF0000002101754349,Pont,
"MULTIPOLYGON (((5.77409291256094 45.1787286244856,5.77415695130572 45.178709914172,5.77427348834527 45.178670978375,5.7743383520708 45.1786432377329,5.77375779296054 45.1783423288819,5.7737006973095 45.178372579031,5.77358829039954 45.1784177183834,5.77353693024255 45.1784352123069,5.77380776642667 45.1785789431599,5.77409291256094 45.1787286244856)))",CONSSURF0000002101754355,Pont,
"MULTIPOLYGON (((5.71865993574681 45.1523580118342,5.71864520473773 45.1522908000724,5.71862893919804 45.1522182200471,5.71860254500399 45.1521206604473,5.71858456980433 45.1520391126511,5.71855672282242 45.1520424941423,5.71846085860443 45.1520610473861,5.71837994868209 45.1520729295158,5.71839568984344 45.152108583657,5.7184548770486 45.1523567026724,5.71854889909881 45.1523526094393,5.71863436929657 45.1523559320983,5.71865993574681 45.1523580118342)))",CONSSURF0000002101754364,Pont,
"MULTIPOLYGON (((5.69062925081101 45.1259016260502,5.69046485346067 45.1256326121945,5.69016915666535 45.1250946862779,5.68993310609347 45.1246589273416,5.68991182841563 45.1246927749637,5.68983121048976 45.1247893171777,5.68978813508022 45.1248462138025,5.69018785680738 45.1255888439139,5.69044532056407 45.1260727359205,5.69050535473292 45.1260244390832,5.69058179855612 45.1259469165629,5.69062925081101 45.1259016260502)))",CONSSURF0000002101754373,Pont,
"MULTIPOLYGON (((5.69069393361229 45.1266370236107,5.69073362927368 45.1265892174562,5.69081580835728 45.126445788677,5.6908468655534 45.1264035965141,5.6907871493 45.1262735022623,5.69075762330917 45.1263210630197,5.69067901232842 45.126432873194,5.69063431868028 45.1264826017913,5.69069393361229 45.1266370236107)))",CONSSURF0000002101754374,Pont,
"MULTIPOLYGON (((6.03655361102595 45.059521209659,6.03648730666751 45.0595410387832,6.0365072769096 45.0595810417158,6.03653491277197 45.0596217366711,6.03656616168365 45.0596587288764,6.0366297318635 45.0596353700459,6.03660512326826 45.0596036031138,6.03657353246616 45.0595603128562,6.03655361102595 45.059521209659)))",CONSSURF0000002101754394,Pont,
"MULTIPOLYGON (((5.66995063648886 45.2244585779591,5.67012577925798 45.2245219616233,5.67021344901839 45.2245423892617,5.67038702348605 45.2243066981188,5.67030237474897 45.2242961087335,5.67009487483679 45.2242758430314,5.66998078954326 45.2242362261034,5.6698287999336 45.2244434715155,5.66995063648886 45.2244585779591)))",CONSSURF0000002101754838,Pont,
"MULTIPOLYGON (((5.68450612340999 45.2129118597891,5.68465166138548 45.2127047479669,5.6845291447099 45.2127545423354,5.68430889847352 45.2128129924124,5.68414499911804 45.2129034225614,5.68399024361101 45.2131044486194,5.6841301960443 45.2130461272982,5.68439217182507 45.2129542405532,5.68450612340999 45.2129118597891)))",CONSSURF0000002101754839,Pont,
"MULTIPOLYGON (((5.68529349490634 45.0581172972211,5.68539704918004 45.0578913746316,5.68531860867987 45.0578725451527,5.68516203017392 45.0578411851067,5.68508193149473 45.0578142872604,5.68497622552919 45.0580483695873,5.68505974467229 45.0580670768637,5.6852229310479 45.0581036831996,5.68529349490634 45.0581172972211)))",CONSSURF0000002101754840,Pont,
"MULTIPOLYGON (((5.67998442022547 45.0723191898065,5.67999849134886 45.0722413729337,5.67983135149007 45.0722291776041,5.67964087832391 45.0722076333072,5.67960252109544 45.0722031505438,5.67952470915055 45.0721978150205,5.67951089604593 45.0722810310749,5.67958866499284 45.0722854667343,5.67962829223026 45.0722899189532,5.67982612669842 45.072305880721,5.67998442022547 45.0723191898065)))",CONSSURF0000002101754841,Pont,
"MULTIPOLYGON (((5.70024399086511 45.1576865944236,5.70025017623834 45.1576828409606,5.70031843284988 45.1576460522679,5.70043059603451 45.157595587613,5.70054586848145 45.157556759766,5.70071867997169 45.1575228454391,5.7008938511634 45.1575113971583,5.70087628199809 45.1574640728014,5.70085910454875 45.1574248474003,5.70085463610772 45.1574114415128,5.7007606042498 45.1574155198425,5.70058231395894 45.1574414584298,5.70041910200635 45.1574895551871,5.70032391861508 45.157522491024,5.70016696848783 45.1575947611503,5.70017520891401 45.157607174829,5.70021431251723 45.1576521761925,5.70024399086511 45.1576865944236)))",CONSSURF0000002101754842,Pont,
"MULTIPOLYGON (((5.32489981817509 45.1359153908038,5.32503842403469 45.1359737555696,5.32507103390771 45.1359316390982,5.32516669461939 45.1358143428087,5.32522989515874 45.1357427630291,5.32527129341264 45.1356977608786,5.32512359970829 45.135635081893,5.32508590374813 45.1356773044132,5.32502434919486 45.1357578577615,5.32493478402432 45.1358687212787,5.32489981817509 45.1359153908038)))",CONSSURF0000002101754846,Pont,
"MULTIPOLYGON (((5.62115925943721 45.2977713098284,5.6212071684663 45.2977314468324,5.62131913943264 45.297642332843,5.62139191542721 45.2975883729162,5.62131283033736 45.2972640884417,5.62123214515548 45.2973398561075,5.62111868298528 45.2974515283118,5.62107714972029 45.2974912418499,5.62115925943721 45.2977713098284)))",CONSSURF0000002101754867,Pont,
"MULTIPOLYGON (((5.29983212993257 45.1262436136731,5.29990084614069 45.1262746247359,5.29992768001656 45.126215520178,5.29999002492542 45.1260917273515,5.30001573542309 45.1260362490869,5.29975174661459 45.1259290955357,5.29977538491699 45.1260087779949,5.29981544093714 45.1261782004742,5.29983212993257 45.1262436136731)))",CONSSURF0000002101754962,Pont,
"MULTIPOLYGON (((5.24353274788744 45.1030662486313,5.24361498665151 45.1030871124193,5.24364586209651 45.1030324451898,5.24369431955649 45.1029404927771,5.24372512259994 45.1028840254565,5.24363010318604 45.1028616174842,5.243604383531 45.102917982458,5.24355843156395 45.1030089836363,5.24353274788744 45.1030662486313)))",CONSSURF0000002101754982,Pont,
"MULTIPOLYGON (((5.64374842800808 44.9667564021672,5.64386906553442 44.9664085000921,5.64382934616217 44.9664004358415,5.64369227226427 44.9663730655055,5.6436512004611 44.9663632316074,5.64353039187065 44.9667075339954,5.64357404152077 44.9667182075255,5.6437037229888 44.9667502581521,5.64374842800808 44.9667564021672)))",CONSSURF0000002101849976,Pont,
"MULTIPOLYGON (((5.24845895874469 45.1047459977904,5.24856262235879 45.1047934488027,5.24858129552668 45.1047201101895,5.24861112103974 45.1046078137244,5.24862717987419 45.1045327263124,5.24851578268143 45.1044827290768,5.24849986850955 45.1045614166094,5.24847516261965 45.1046745105355,5.24845895874469 45.1047459977904)))",CONSSURF0000002101894528,Pont,
"MULTIPOLYGON (((5.22024498831281 45.0918398469358,5.22067982051384 45.0923184905122,5.22072848176311 45.0922950020555,5.22085347215634 45.0922402677023,5.22091854427902 45.0922137498711,5.22047732198699 45.0917343337802,5.22041733271306 45.0917607500879,5.22029869609631 45.0918153573737,5.22024498831281 45.0918398469358)))",CONSSURF0000002101896144,Pont,
"MULTIPOLYGON (((5.833615026457 45.2046523147832,5.83384882985994 45.20448780458,5.83383437123151 45.204479161559,5.83371274259375 45.2043930495768,5.83369564686933 45.2043826714692,5.83346856680777 45.2045289907109,5.83348320817403 45.2045412331426,5.83359374645913 45.2046348348488,5.833615026457 45.2046523147832)))",CONSSURF0000000007535672,Pont,Pont des Moines
"MULTIPOLYGON (((5.74074848785407 45.200124115095,5.74063877714603 45.2001736583808,5.7405464881226 45.200214665241,5.74051191829198 45.2002632648271,5.74163122002609 45.2011016088951,5.74169590496444 45.2010693876959,5.74179335562981 45.2009777992133,5.74183968990443 45.2009352170289,5.74187526654538 45.2008811865033,5.74181982679236 45.2008681326251,5.74083297174889 45.2001058237339,5.74074848785407 45.200124115095)))",CONSSURF0000000007535681,Pont,Pont de l'le Verte
"MULTIPOLYGON (((5.7435156780028 45.1903113396753,5.74358854980692 45.1902645005214,5.74353469224777 45.1902315877354,5.74262171285272 45.1896729037751,5.74245474392874 45.1895679898979,5.74244162012252 45.1895602036891,5.74239951144492 45.1896107910898,5.74231014967463 45.1896850634025,5.74222805993504 45.1897258214398,5.74225430756943 45.1897413939067,5.74311624762174 45.1902986322185,5.74330345903857 45.1904264727189,5.743342964133 45.1904525306642,5.7434063530147 45.1903942121961,5.7435156780028 45.1903113396753)))",CONSSURF0000000007535691,Pont,Pont de la Porte de Savoie
"MULTIPOLYGON (((5.69852563159829 45.1592030068347,5.7002328973299 45.1589319589606,5.70021511072045 45.1588801350602,5.70019167086233 45.1588167357931,5.70017681974077 45.1587729492821,5.69923419563358 45.1589245938313,5.69840652809633 45.1590572330187,5.69843497764331 45.1590925823916,5.69848236464578 45.159150898074,5.69852563159829 45.1592030068347)))",CONSSURF0000000293093481,Pont,Pont du Rondeau
"MULTIPOLYGON (((5.70311505972296 45.1896951084438,5.70311363023867 45.1896392844488,5.70311197411839 45.1896050886309,5.70278377167715 45.1896157388252,5.70184081126179 45.1896394679936,5.70097806811813 45.1896621491261,5.70072473131669 45.1896664769711,5.70072576651981 45.1897142019789,5.70072773583255 45.1897285694426,5.70073096791707 45.1897690337424,5.70149036981308 45.189743449972,5.70200845390521 45.1897336130959,5.70260522188845 45.189717364044,5.70303159036021 45.189707941073,5.70306222019613 45.1897090012422,5.70311351689101 45.1897158675487,5.70311505972296 45.1896951084438)))",CONSSURF0000000293486442,Pont,Pont Esclandon
"MULTIPOLYGON (((5.73067942224658 45.0880318129867,5.73090391369721 45.0883056007597,5.73091364505095 45.0883486071084,5.73098109796589 45.0883235295644,5.73108604413698 45.0882849199073,5.73114727732125 45.0882626975143,5.73110377549719 45.0882313301538,5.73087450563386 45.0879378393292,5.73082093833251 45.0879607746309,5.73073263809582 45.0880016788941,5.73067942224658 45.0880318129867)))",CONSSURF0000000291042155,Pont,Pont de Champ
"MULTIPOLYGON (((6.11763673102261 45.2082188107597,6.11752706211096 45.2080128125055,6.11741295800608 45.2065183319185,6.1175856495545 45.2065063007146,6.11742358987368 45.2037885342167,6.11697323373908 45.2034848153891,6.11677488060573 45.2035164859062,6.11643133430087 45.2040523320727,6.11533227981321 45.2042983754022,6.11468878071165 45.2042108995418,6.11418612693101 45.2044772362781,6.11357910148788 45.2043580984576,6.11305522154708 45.2046781880375,6.11318677405742 45.205253940306,6.11315451880292 45.2065948066699,6.11407756899026 45.2071683095457,6.11448399582719 45.2074155943588,6.11500311854576 45.2074209361774,6.11575663685414 45.2080397066518,6.11633242257913 45.2081236610536,6.1169392655579 45.2084212127959,6.11721268275259 45.2084550308921,6.11763673102261 45.2082188107597)))",CONSSURF0000000290085077,Barrage,Barrage de Grand-Maison
"MULTIPOLYGON (((6.13754837809435 45.0453989903503,6.13753153474739 45.0453706299531,6.13740100652964 45.0454229678576,6.1373671643005 45.0455221411707,6.13738654929763 45.0456864956061,6.13736344927788 45.0458412341964,6.13723516633238 45.0460016402396,6.13716316572881 45.0460550317609,6.13710037792918 45.0461820535738,6.13712432345661 45.0462237303625,6.13714542815299 45.046260080619,6.13737505987503 45.0463202906324,6.13755557002824 45.0464792031059,6.13768763817354 45.0466809311162,6.13786982786644 45.0469830703192,6.1380625709663 45.0471560548661,6.13803696153124 45.0469260957403,6.13802977326729 45.0468659248209,6.13793018575697 45.04638213925,6.1378209319954 45.0458166263056,6.13772561818915 45.0456129615254,6.13765458842702 45.0455023263537,6.13754837809435 45.0453989903503)))",CONSSURF0000000007535707,Barrage,Barrage du Chambon
"MULTIPOLYGON (((5.80358656523404 44.8772280258106,5.80381222636827 44.8770529553852,5.80384550845695 44.876983645626,5.8038916833663 44.8768680638178,5.80390604172673 44.8767496819988,5.80388215979187 44.8766520860871,5.80385347907712 44.8765852423052,5.80377518949874 44.8764637951467,5.80366277115017 44.8763693362986,5.80343122793376 44.8762490567655,5.80334102836681 44.8762189019514,5.80332342592047 44.8762977255729,5.80347659051243 44.8762947584221,5.80347859237256 44.8764109251552,5.80341076938363 44.8765243507437,5.80343128637246 44.8765292380558,5.80349712124268 44.8765789272424,5.80350040935964 44.8766193851195,5.80350342779279 44.8766544443522,5.8035143778537 44.8767721869312,5.80358573818365 44.8767802946998,5.80365698125603 44.8768875054225,5.80366576035728 44.8770125101108,5.80363780275698 44.8771123162582,5.80358656523404 44.8772280258106)))",CONSSURF0000000007535716,Barrage,Barrage de Saint-Pierre-Cognet
"MULTIPOLYGON (((6.07097241020989 45.0305685550121,6.07104101290191 45.0304756546713,6.07106484305059 45.0304236365043,6.07108936435385 45.0303842141498,6.07107076220939 45.0303694093643,6.07102199088177 45.030337415762,6.07102406924138 45.0303058211921,6.07107009063945 45.0303108587667,6.07108526653655 45.03030953895,6.07115773467399 45.0303102424765,6.07118100201042 45.0302942823541,6.071172105691 45.0302711001888,6.07110820788552 45.0302413261547,6.07108677201558 45.0302211931854,6.07110681059459 45.030192707282,6.07116439895207 45.0302001288307,6.07122276236128 45.0301985183273,6.07126120549093 45.0301812383513,6.07124952475001 45.0301536277108,6.07117728875892 45.0301339955099,6.07123405720629 45.0300801673258,6.07127340844136 45.0300331271882,6.07151031115005 45.0299274725592,6.07185522476202 45.0297755852391,6.07207381943016 45.0296605229682,6.07221837762275 45.0296087763107,6.0723238325155 45.0296085684854,6.07240386290332 45.0296081613571,6.07247520957283 45.0296115981522,6.07256550429601 45.02963613734,6.07264640551378 45.0296978794169,6.07272083590004 45.0296417606943,6.07265583574409 45.0295687669109,6.07254992088839 45.0295374505116,6.07233589976123 45.0294811853627,6.07227885527425 45.0294836611264,6.07222484217627 45.0294950638204,6.07186482395132 45.0296032171274,6.07126027049619 45.0298631887296,6.07103614918103 45.0300396741516,6.07099444284412 45.0300669557883,6.07091332568881 45.030047568477,6.07087606736717 45.0300864411619,6.07095914449999 45.0301183893091,6.07090009985364 45.0302002131151,6.07085689752231 45.0301770764238,6.07083618245723 45.0302163937044,6.07086795108378 45.0302164182294,6.07083739682079 45.0302848410162,6.07078249406212 45.0302800483897,6.0707340088347 45.0303922169125,6.07081615806809 45.0304998801084,6.07091167671173 45.0305269797207,6.07095430172849 45.0305627472194,6.07097241020989 45.0305685550121)))",CONSSURF0000000007535709,Barrage,Barrage du Clapier
"MULTIPOLYGON (((6.04520874121616 45.1282002587387,6.0451384883269 45.1281724421067,6.04464481546314 45.1279894904268,6.04426212254557 45.1278575708339,6.04402404204205 45.127786579039,6.04388757568276 45.1279218617055,6.04363747836715 45.1279106680457,6.04356040504313 45.1280380213513,6.04342637100577 45.128101151108,6.04334675163392 45.1282051458328,6.04265630285166 45.1286393856287,6.04206947185852 45.1289896971425,6.04194125551334 45.1290896102946,6.04187072250854 45.1291735323525,6.04179662111795 45.1292620570826,6.04099053550979 45.1297471976277,6.04081568727531 45.1299493014555,6.04062203599603 45.1303672742339,6.04059090664784 45.1304969766183,6.04076373576109 45.1306319296183,6.04078173101786 45.1306818989431,6.0408168846524 45.1307196863578,6.04089144154481 45.130756399105,6.0409833504758 45.1307611009751,6.04104494729937 45.1307468059191,6.04113054514839 45.1307057250587,6.04133248613397 45.1305803740283,6.04209008746336 45.1301163776666,6.04315925261035 45.1294600532552,6.0443637928388 45.1287189249015,6.04520874121616 45.1282002587387)))",CONSSURF0000000007535704,Barrage,Barrage du Verney
"MULTIPOLYGON (((5.68730296528286 45.0063821498095,5.68749757487348 45.0065738450997,5.6876228727052 45.0066708182555,5.68768349521387 45.0067432275345,5.68770687316718 45.0067805005421,5.68771703231146 45.0068334081282,5.68768560263639 45.0069458787075,5.68769637789618 45.0070645369827,5.68773460035892 45.0071464963221,5.68780471907953 45.0072844417442,5.6878662654013 45.007349621455,5.6879380892824 45.0074172555496,5.68803350780797 45.0075266618199,5.68826704152291 45.0074444433715,5.68855593100926 45.007245571836,5.6888424111379 45.0070494604326,5.68875047938338 45.0069597903617,5.68863208612867 45.0067950841743,5.6885414545818 45.0066531304282,5.68840392168373 45.0064600577762,5.68818675589019 45.0061689092845,5.68790362168299 45.0058262011551,5.68761290759305 45.0055107024517,5.68728624893888 45.0051870622873,5.68696329673311 45.0048876560024,5.68658782489087 45.0045787063148,5.686371473181 45.0044100571714,5.68622425771016 45.0043325308508,5.68615880845223 45.0042917688579,5.68615893459534 45.0045061792807,5.68617626406312 45.0046291837805,5.68612356486664 45.0048277525289,5.68607849249193 45.0050000111134,5.68609403552613 45.0051122480053,5.6861287179447 45.0052528515397,5.68619031984312 45.0052928055771,5.68664545127341 45.0057268597675,5.68723092757393 45.0063100160502,5.68730296528286 45.0063821498095)))",CONSSURF0000000007535712,Barrage,Barrage de Notre-Dame-de-Commiers
"MULTIPOLYGON (((5.68868334321999 44.9622933418925,5.68875910379015 44.9622590777683,5.68883598971078 44.9621689313701,5.68890131092387 44.9620493353395,5.6889430837638 44.9619149937315,5.68897896623842 44.9617636777204,5.68897145326756 44.9616071050806,5.68895860883341 44.9615245341332,5.6889417309414 44.9614636820297,5.6890156893916 44.9614447763742,5.68893594791876 44.9612638249895,5.68885591156508 44.9612882829154,5.68881398742594 44.9612343427645,5.68879569745784 44.9611969478601,5.688952975962 44.9611426942925,5.68898091789453 44.9611167936377,5.68889868255058 44.9610160815073,5.68884527787469 44.9610137695951,5.68869047589976 44.9610931879526,5.6886193734828 44.9610129267841,5.68868376868968 44.9609798384241,5.68849164447006 44.9608367391977,5.68843195813035 44.9608886321968,5.68834558851889 44.9608339648876,5.68821827305517 44.9607721796166,5.68795798068784 44.9606892854307,5.68786442312143 44.9606699261266,5.68767125277857 44.9607430635759,5.68771320718901 44.9607447519742,5.68782594880574 44.9607672511518,5.68786039657867 44.9608240750504,5.68786871903965 44.9608653146155,5.68782614020245 44.9609564326722,5.68789006843918 44.9610458766323,5.68790204798306 44.9611104508311,5.68788165119178 44.9611613936078,5.68779148655856 44.9612392479319,5.68775475829232 44.9612671624626,5.68790193751446 44.9612933334688,5.68800868843174 44.9613231844227,5.68809707537754 44.9613669925953,5.68812436648739 44.961406872629,5.68816781651958 44.961466181455,5.68817841139807 44.9615812387791,5.68816516018445 44.9615959733716,5.6881531332409 44.9616097774739,5.68815167747529 44.9616323348416,5.68814732583847 44.9616738808505,5.68812161598065 44.961693421108,5.68797604426567 44.9617536966193,5.68801371829215 44.9618248566904,5.68807889173553 44.9618079658497,5.68812335049131 44.9618618449963,5.68818258706201 44.9619063579446,5.68823662814016 44.9618690157862,5.68834692366801 44.9618933754222,5.68836894513758 44.9619027526812,5.68850287844165 44.961864379381,5.68850273342856 44.9618878059483,5.68858629864018 44.9618839833594,5.68863545462457 44.9619035150168,5.68865779067257 44.9619723431559,5.68865925855944 44.9620029378166,5.68870615422228 44.9620018037066,5.6887313275206 44.9620768694298,5.68868203874982 44.9621339164218,5.68868509174065 44.9621446532344,5.68859017127651 44.9622820817771,5.68866147881049 44.9623136901665,5.68868334321999 44.9622933418925)))",CONSSURF0000000007535713,Barrage,Barrage de Monteynard-Avignonet
"MULTIPOLYGON (((5.6828241591628 45.2294368468088,5.6828751071728 45.2294887789262,5.68294067014958 45.2295529732296,5.68302089147614 45.2296303295993,5.68304740108902 45.229651315547,5.68322975450372 45.2294928737192,5.6832041720896 45.2294646579805,5.68312755487498 45.2293827104466,5.68307375664512 45.2293245402865,5.6830214484973 45.2292708390395,5.68291107341529 45.22936178275,5.6828241591628 45.2294368468088)))",CONSSURF0000002002707500,Pont,Pont de Vence
"MULTIPOLYGON (((5.65352818763182 44.9992253386272,5.65364021456878 44.9992046488819,5.65372315556218 44.9991864545912,5.65367431925608 44.9990669011627,5.65358892708397 44.9990869556524,5.65347419319908 44.9991041063827,5.65342502760345 44.9991115852118,5.6534779668091 44.9992373470616,5.65352818763182 44.9992253386272)))",CONSSURF0000002200392853,Pont,
"MULTIPOLYGON (((5.71933731583721 45.1932841937912,5.71953585450648 45.1932793571792,5.71978025359811 45.1932743038257,5.71997242877784 45.1932696214766,5.71996378397776 45.1932491102028,5.71995913265667 45.1932321054351,5.71996238056915 45.1932203139125,5.72048994670987 45.1924371434535,5.72050675511782 45.1924160119042,5.72051781430545 45.1924076338054,5.72056038300725 45.1923921811061,5.72036663119729 45.1923905962944,5.72018560602843 45.1923887010227,5.72004921179265 45.1923875198528,5.72005750563158 45.1924008320451,5.72005057136783 45.1924154162528,5.71971672055176 45.1929118669073,5.71958812936842 45.1930969921942,5.71951690000803 45.1931780113143,5.71945304453254 45.1932273174123,5.71939853731211 45.1932592776452,5.71936860677025 45.1932726201051,5.71933731583721 45.1932841937912)))",CONSSURF0000002002707275,Pont,Pont Kofi-Annan
"MULTIPOLYGON (((5.6623930408561 45.2370899380333,5.6624102991801 45.2370507863777,5.66242170446949 45.2370225854712,5.66174171021392 45.2368820253515,5.66173544240425 45.2369110047167,5.66171529261591 45.2369430176383,5.66168400967557 45.2370356586821,5.66235992673745 45.2371709107288,5.6623930408561 45.2370899380333)))",CONSSURF0000002200392843,Pont,
"MULTIPOLYGON (((5.64211966219588 44.9340702575098,5.64215857915192 44.9339810477592,5.64217566819122 44.9339130768124,5.64221614863248 44.9338301358981,5.64208509180587 44.9337134373875,5.64207516913526 44.9337181776167,5.64182390225804 44.9334457852504,5.6415592962875 44.9331863215452,5.64123260887589 44.9328742812374,5.6407894492549 44.9324857323425,5.64040209081643 44.9321778342705,5.64000021299033 44.9318846936959,5.63956861012936 44.9315796458532,5.63920078246224 44.9313361419516,5.63861404121688 44.9309681116611,5.63766405536046 44.9303726765494,5.63742740630071 44.9302215443335,5.63705241951312 44.929987212367,5.63654416539201 44.9296695590387,5.636162175375 44.9294209767239,5.63592050972178 44.9292708614087,5.63560731381831 44.9290828045517,5.63533900540448 44.9289053934226,5.6349340980078 44.9286546481601,5.63438284020825 44.9283118805638,5.63433563186238 44.92827876724,5.63429193240004 44.9283203418523,5.63425633896874 44.9283455088421,5.63421728353726 44.9283779647521,5.63426681396453 44.9284065187901,5.63524675344144 44.9290201885623,5.63585431230276 44.9294003535887,5.63653020452677 44.9298311439522,5.63725678053412 44.9302877533557,5.63818872940899 44.9308773140185,5.638931253861 44.9313488492298,5.63921085935198 44.9315232814685,5.63968439116295 44.9318300371962,5.64027736859512 44.9322762890026,5.64059073426369 44.9325210838658,5.64106919896232 44.9329322168186,5.64126972978279 44.9331238382965,5.64167806243874 44.9335267263985,5.64191357569045 44.9337877824278,5.64211966219588 44.9340702575098)))",CONSSURF0000000293044120,Pont,Viaduc de Monestier
"MULTIPOLYGON (((5.84395881150552 45.2504831417614,5.84409221707317 45.2504977665558,5.84428709215836 45.2505171336221,5.84430963243913 45.2504588949888,5.84433536321765 45.2504131893278,5.84401176568505 45.2503709693067,5.84400176932907 45.2504000561694,5.84398194884606 45.250436601183,5.84395881150552 45.2504831417614)))",CONSSURF0000002203755485,Pont,
