c2c;BDTOPO
938595;PAIOROGR0000000006684974
745340;PAIOROGR0000000075590726
665428;PAIOROGR0000000012527680
325254;PAIOROGR0000000006686490
324995;PAIOROGR0000000006685000
280466;PAIOROGR0000000007454281
214492;PAIOROGR0000000075592271
201137;PAIOROGR0000000007456919
199542;PAIOROGR0000000007456485
190359;PAIOROGR0000000006685242
180822;PAIOROGR0000000012527567
179876;PAIOROGR0000000075590854
172976;PAIOROGR0000000007454678
162927;PAIOROGR0000000007455267
158601;PAIOROGR0000000007456799
152033;PAIOROGR0000000075592107
150459;PAIOROGR0000000012527427
144819;PAIOROGR0000000007457463
144638;PAIOROGR0000000007454745
130459;PAIOROGR0000000012528392
128818;PAIOROGR0000000007455859
108011;PAIOROGR0000000012527154
104564;PAIOROGR0000000007454656
104295;PAIOROGR0000000007454337
104291;PAIOROGR0000000075589585
104289;PAIOROGR0000000012527671
104286;PAIOROGR0000000012528538
104281;PAIOROGR0000000007454598
104277;PAIOROGR0000000012528535
104274;PAIOROGR0000000007455298
104272;PAIOROGR0000000007454393
104271;PAIOROGR0000000007454077
892530;PAIOROGR0000000075592512
892528;PAIOROGR0000000075592718
881218;PAIOROGR0000000075589693
874202;PAIOROGR0000000075591045
866447;PAIOROGR0000000007454903
865421;PAIOROGR0000000007455156
44405;PAIOROGR0000000007454364
856860;PAIOROGR0000000075589699
839559;PAIOROGR0000000007454455
838570;PAIOROGR0000000075591294
836782;PAIOROGR0000000075590082
833917;PAIOROGR0000000007455276
813906;PAIOROGR0000000075592388
813905;PAIOROGR0000000075592374
715252;PAIOROGR0000000012527288
711041;PAIOROGR0000000012527286
711038;PAIOROGR0000000012527314
530403;PAIOROGR0000000006686271
711034;PAIOROGR0000000007454130
711033;PAIOROGR0000000007454131
711032;PAIOROGR0000000012528475
711030;PAIOROGR0000000007454526
556664;PAIOROGR0000000075590092
552293;PAIOROGR0000000075590563
550280;PAIOROGR0000000007455953
550260;PAIOROGR0000000007456172
550135;PAIOROGR0000000075589935
550132;PAIOROGR0000002003931385
550131;PAIOROGR0000000007455806
550105;PAIOROGR0000000007456014
329405;PAIOROGR0000000012528447
323781;PAIOROGR0000000007454811
316418;PAIOROGR0000000012527676
304900;PAIOROGR0000000075589526
302455;PAIOROGR0000000075590404
301071;PAIOROGR0000000007456539
300903;PAIOROGR0000000007455219
207394;PAIOROGR0000000075591046
206257;PAIOROGR0000000007454080
206166;PAIOROGR0000000007454082
205832;PAIOROGR0000000007454173
205830;PAIOROGR0000000007454227
205828;PAIOROGR0000000007454228
205827;PAIOROGR0000000007454230
205825;PAIOROGR0000000007454340
204065;PAIOROGR0000000075592137
200891;PAIOROGR0000000007456430
200855;PAIOROGR0000000356600227
199727;PAIOROGR0000000007457133
146669;PAIOROGR0000000007454888
143463;PAIOROGR0000000075590209
141090;PAIOROGR0000000007456186
140520;PAIOROGR0000000075591295
135045;PAIOROGR0000000075590597
129053;PAIOROGR0000000075591690
129051;PAIOROGR0000000007457487
129049;PAIOROGR0000000007457488
129048;PAIOROGR0000000006686199
128722;PAIOROGR0000000075590776
128103;PAIOROGR0000000006684927
127400;PAIOROGR0000000075592185
125401;PAIOROGR0000000007457199
125398;PAIOROGR0000000007457360
123034;PAIOROGR0000000075591408
44919;PAIOROGR0000000007454519
44878;PAIOROGR0000000012528591
44857;PAIOROGR0000000007454632
44788;PAIOROGR0000000007454758
44751;PAIOROGR0000000007454515
44712;PAIOROGR0000000012527362
44654;PAIOROGR0000000007454872
44565;PAIOROGR0000000012527358
44562;PAIOROGR0000000007454574
42857;PAIOROGR0000000007454589
42739;PAIOROGR0000000012527332
102217;PAIOROGR0000000007454337
37892;PAIOROGR0000000007455910
44032;PAIOROGR0000000012527210
890949;PAIOROGR0000000006685053
41146;PAIOROGR0000000007455474
992343;PAIOROGR0000000007454600
813904;PAIOROGR0000000075592622
38049;PAIOROGR0000000012528579
313940;PAIOROGR0000000075592831
313114;PAIOROGR0000000007455624
41787;PAIOROGR0000000075592364
41785;PAIOROGR0000000007455997
41779;PAIOROGR0000000007456908
41776;PAIOROGR0000000007454200
41750;PAIOROGR0000000075591301
41736;PAIOROGR0000000006685738
41723;PAIOROGR0000000075590088
41689;PAIOROGR0000000075591561
41688;PAIOROGR0000000007455127
115160;PAIOROGR0000000007456203
1015672;PAIOROGR0000000075591051
961671;PAIOROGR0000000007456262
960544;PAIOROGR0000000007454454
934195;PAIOROGR0000000007454283
919346;PAIOROGR0000000006685951
907727;PAIOROGR0000000075592226
899612;PAIOROGR0000000007454206
899592;PAIOROGR0000000007454136
898824;PAIOROGR0000000007455420
809148;PAIOROGR0000000006684806
809147;PAIOROGR0000000007455715
806499;PAIOROGR0000000075592205
798684;PAIOROGR0000000075592438
774387;PAIOROGR0000000007454374
764288;PAIOROGR0000000075591144
760512;PAIOROGR0000000007454856
745329;PAIOROGR0000000007455935
744653;PAIOROGR0000000007455363
737674;PAIOROGR0000000075591781
737652;PAIOROGR0000000075591987
737651;PAIOROGR0000000075591993
732911;PAIOROGR0000000075591425
732900;PAIOROGR0000000075591585
732897;PAIOROGR0000000075591586
732896;PAIOROGR0000000075591579
732894;PAIOROGR0000000075591578
729556;PAIOROGR0000000007454318
721100;PAIOROGR0000000075591421
721099;PAIOROGR0000000007457415
717284;PAIOROGR0000000012528562
716925;PAIOROGR0000000075591101
703431;PAIOROGR0000000075592006
694242;PAIOROGR0000000007454387
693085;PAIOROGR0000000012527425
665426;PAIOROGR0000000012527673
665425;PAIOROGR0000000012527674
659313;PAIOROGR0000000075590769
658979;PAIOROGR0000000007456236
653558;PAIOROGR0000000075590784
645197;PAIOROGR0000000007456522
640908;PAIOROGR0000000075590381
624785;PAIOROGR0000000075591089
613415;PAIOROGR0000000007454092
603476;PAIOROGR0000000007454034
600873;PAIOROGR0000000007455970
600872;PAIOROGR0000000007456083
600871;PAIOROGR0000000007455744
593636;PAIOROGR0000000006685242
43079;PAIOROGR0000000007456285
587675;PAIOROGR0000000012527712
581467;PAIOROGR0000000007454278
580503;PAIOROGR0000000075590726
580027;PAIOROGR0000000075592460
568135;PAIOROGR0000000007454156
556679;PAIOROGR0000000075590223
556677;PAIOROGR0000000075590058
556675;PAIOROGR0000000075590044
556674;PAIOROGR0000000075590056
556673;PAIOROGR0000000075589921
556672;PAIOROGR0000000075589969
556671;PAIOROGR0000000075589932
556670;PAIOROGR0000000075589952
550104;PAIOROGR0000002009067754
550099;PAIOROGR0000000075590355
550094;PAIOROGR0000000007456652
550089;PAIOROGR0000002009067751
549798;PAIOROGR0000000075590774
542775;PAIOROGR0000000006685761
517288;PAIOROGR0000000007456427
514273;PAIOROGR0000000007456449
498776;PAIOROGR0000000007454023
492788;PAIOROGR0000000012527610
492772;PAIOROGR0000000012527611
486757;PAIOROGR0000000007456321
484335;PAIOROGR0000000007454894
467969;PAIOROGR0000000007456269
453643;PAIOROGR0000000075591315
443482;PAIOROGR0000000006685996
436021;PAIOROGR0000000007456119
427638;PAIOROGR0000000007455919
427322;PAIOROGR0000000075589857
407551;PAIOROGR0000000075591854
403615;PAIOROGR0000000007456581
403392;PAIOROGR0000000012528622
396764;PAIOROGR0000000007454029
396763;PAIOROGR0000000007454027
387526;PAIOROGR0000000007456632
366887;PAIOROGR0000000075589892
358321;PAIOROGR0000000075590018
358320;PAIOROGR0000000075590151
358045;PAIOROGR0000000007455205
358042;PAIOROGR0000000007455107
357484;PAIOROGR0000000075590831
347203;PAIOROGR0000000075590783
346821;PAIOROGR0000000007454790
346820;PAIOROGR0000000007454854
44204;PAIOROGR0000000007454367
343083;PAIOROGR0000000007454528
339457;PAIOROGR0000000007456130
298211;PAIOROGR0000000075589914
296593;PAIOROGR0000000075590564
295974;PAIOROGR0000000007454384
295157;PAIOROGR0000000075590095
292718;PAIOROGR0000000075590405
289911;PAIOROGR0000000075592233
289133;PAIOROGR0000000075591310
289132;PAIOROGR0000000075591312
287024;PAIOROGR0000000007456023
266181;PAIOROGR0000000012528574
266180;PAIOROGR0000000012528526
263522;PAIOROGR0000000012528392
261544;PAIOROGR0000000007455251
259168;PAIOROGR0000000075590081
258753;PAIOROGR0000000007455957
252589;PAIOROGR0000000012528461
249821;PAIOROGR0000000075591533
247482;PAIOROGR0000000006685400
247430;PAIOROGR0000000006686194
245027;PAIOROGR0000000007455106
239364;PAIOROGR0000000007453720
239362;PAIOROGR0000000012527695
237177;PAIOROGR0000000075592260
236649;PAIOROGR0000000007457422
234771;PAIOROGR0000000075590785
234769;PAIOROGR0000000075591065
234767;PAIOROGR0000000075591072
38533;PAIOROGR0000000075590211
233323;PAIOROGR0000000075590596
227910;PAIOROGR0000000075592363
227903;PAIOROGR0000000075591412
227404;PAIOROGR0000000075590609
225086;PAIOROGR0000000007453939
223810;PAIOROGR0000000007454457
219416;PAIOROGR0000000007454088
217056;PAIOROGR0000000007456173
216037;PAIOROGR0000000075590412
42538;PAIOROGR0000000075591556
209564;PAIOROGR0000000007456644
199645;PAIOROGR0000000007456234
198456;PAIOROGR0000000075592361
194267;PAIOROGR0000000075589842
192866;PAIOROGR0000000012527364
192723;PAIOROGR0000000007455517
191219;PAIOROGR0000000075590386
186100;PAIOROGR0000000007456874
179582;PAIOROGR0000000007455154
179581;PAIOROGR0000000007455157
179228;PAIOROGR0000000007456878
177107;PAIOROGR0000000075589927
177104;PAIOROGR0000000075589948
172975;PAIOROGR0000000007454675
172974;PAIOROGR0000000007454673
172854;PAIOROGR0000000007455815
171201;PAIOROGR0000000007456372
170593;PAIOROGR0000000006685426
169520;PAIOROGR0000000007456129
167629;PAIOROGR0000000075591339
160097;PAIOROGR0000000007457124
159489;PAIOROGR0000000006686490
156560;PAIOROGR0000000075591524
154838;PAIOROGR0000000007456716
153912;PAIOROGR0000000007454150
123026;PAIOROGR0000000075591652
117459;PAIOROGR0000000012528423
117124;PAIOROGR0000000007456363
116801;PAIOROGR0000000007455959
116197;PAIOROGR0000000075592019
115590;PAIOROGR0000000007456529
115498;PAIOROGR0000000007456059
112945;PAIOROGR0000000075590369
108979;PAIOROGR0000000012528263
107652;PAIOROGR0000000007456165
45125;PAIOROGR0000000007455047
45114;PAIOROGR0000000007454013
45105;PAIOROGR0000000012527278
45079;PAIOROGR0000000007454696
45060;PAIOROGR0000000007455070
45059;PAIOROGR0000000007454767
45027;PAIOROGR0000000007454630
45022;PAIOROGR0000000007454521
45007;PAIOROGR0000000012528660
45000;PAIOROGR0000000012527325
44981;PAIOROGR0000000012528642
44959;PAIOROGR0000000007454839
44948;PAIOROGR0000000007455067
44551;PAIOROGR0000000075589380
44543;PAIOROGR0000000012528541
44540;PAIOROGR0000000012528651
44537;PAIOROGR0000000012527204
44534;PAIOROGR0000000012528655
44532;PAIOROGR0000000007454810
44440;PAIOROGR0000000007454629
44370;PAIOROGR0000000007454518
44337;PAIOROGR0000000012528633
44291;PAIOROGR0000000012528640
44289;PAIOROGR0000000356380220
44278;PAIOROGR0000000007454590
44199;PAIOROGR0000000007454199
44192;PAIOROGR0000000012528554
44188;PAIOROGR0000000007454573
44096;PAIOROGR0000000007454829
44089;PAIOROGR0000000012527294
44036;PAIOROGR0000000007454900
44025;PAIOROGR0000000012527292
43957;PAIOROGR0000000007454690
43955;PAIOROGR0000000007454571
43951;PAIOROGR0000000012528546
43946;PAIOROGR0000000012527157
43920;PAIOROGR0000000012528646
43609;PAIOROGR0000000075590368
43500;PAIOROGR0000000075592203
43408;PAIOROGR0000000007457047
43373;PAIOROGR0000000075591992
43362;PAIOROGR0000000012527291
43012;PAIOROGR0000000007456654
42987;PAIOROGR0000000007456876
42979;PAIOROGR0000000007456537
42955;PAIOROGR0000000075589848
42950;PAIOROGR0000000007456442
42947;PAIOROGR0000000075590227
42734;PAIOROGR0000000007456564
42669;PAIOROGR0000000006686674
42635;PAIOROGR0000000007454979
42485;PAIOROGR0000000007456134
42258;PAIOROGR0000000075589847
42233;PAIOROGR0000000075589936
42079;PAIOROGR0000000006686462
41998;PAIOROGR0000000007454982
41950;PAIOROGR0000000007456418
41888;PAIOROGR0000000007454032
41887;PAIOROGR0000000007454028
41861;PAIOROGR0000000007454254
41847;PAIOROGR0000000012527359
41790;PAIOROGR0000000007456890
41783;PAIOROGR0000000353495466
41743;PAIOROGR0000000007457255
41557;PAIOROGR0000000075590388
41507;PAIOROGR0000000007456130
41505;PAIOROGR0000000075590772
41499;PAIOROGR0000000007455821
41497;PAIOROGR0000000007455809
41490;PAIOROGR0000000007455048
41448;PAIOROGR0000000075589965
41444;PAIOROGR0000000075589931
41431;PAIOROGR0000000075590778
41370;PAIOROGR0000000007456182
41352;PAIOROGR0000000075589838
41342;PAIOROGR0000000007456238
41336;PAIOROGR0000000335207445
41310;PAIOROGR0000000007456563
41302;PAIOROGR0000000075591307
41278;PAIOROGR0000000012528561
41254;PAIOROGR0000000007454031
41227;PAIOROGR0000000007455916
41189;PAIOROGR0000000075591979
41044;PAIOROGR0000000012527341
41027;PAIOROGR0000000012528471
41026;PAIOROGR0000000012528507
40989;PAIOROGR0000000012528410
40948;PAIOROGR0000000007454695
40793;PAIOROGR0000000012528631
40778;PAIOROGR0000000075589501
40718;PAIOROGR0000000012528560
40714;PAIOROGR0000000012528658
40702;PAIOROGR0000000012528555
40700;PAIOROGR0000000338607188
40696;PAIOROGR0000000012528653
40543;PAIOROGR0000000075590208
40484;PAIOROGR0000000075589920
40413;PAIOROGR0000000007456452
40379;PAIOROGR0000000075590353
40342;PAIOROGR0000000012527348
40285;PAIOROGR0000000075591370
40280;PAIOROGR0000000075589430
40275;PAIOROGR0000000007456864
40190;PAIOROGR0000000356600228
40188;PAIOROGR0000000075591359
40114;PAIOROGR0000000012528420
40090;PAIOROGR0000000007456446
40072;PAIOROGR0000000075592278
40070;PAIOROGR0000000075592290
40036;PAIOROGR0000000012527367
39954;PAIOROGR0000000012528510
39941;PAIOROGR0000000007454759
39940;PAIOROGR0000000012528598
39924;PAIOROGR0000000007454986
39776;PAIOROGR0000000075589758
39739;PAIOROGR0000000007455696
39586;PAIOROGR0000000012528551
39564;PAIOROGR0000000075590217
39542;PAIOROGR0000000007456009
39534;PAIOROGR0000000012528422
39533;PAIOROGR0000000075590773
39523;PAIOROGR0000000012528376
39522;PAIOROGR0000000075589839
39497;PAIOROGR0000000012528626
39496;PAIOROGR0000000075589928
39488;PAIOROGR0000000356380212
39477;PAIOROGR0000000007456144
39473;PAIOROGR0000000075592221
39462;PAIOROGR0000000007456034
39460;PAIOROGR0000000007455920
39439;PAIOROGR0000000075589709
39422;PAIOROGR0000000075589956
39404;PAIOROGR0000000007455922
39403;PAIOROGR0000000007456653
39397;PAIOROGR0000000007454760
39334;PAIOROGR0000000007456550
39263;PAIOROGR0000000007454754
39232;PAIOROGR0000000012528417
39221;PAIOROGR0000000012528426
39205;PAIOROGR0000000007455077
39123;PAIOROGR0000000007454694
39099;PAIOROGR0000000007454897
38597;PAIOROGR0000000075589949
580776;PAIOROGR0000000075590538
543735;PAIOROGR0000000075592242
522360;PAIOROGR0000000007454920
456854;PAIOROGR0000000007454343
455393;PAIOROGR0000000007455086
443819;PAIOROGR0000000075589590
347180;PAIHYDRO0000000007457958
338654;PAIOROGR0000000336608995
305150;PAIOROGR0000000012527740
300424;PAIOROGR0000000006685207
278432;PAIOROGR0000000006686006
259974;PAIOROGR0000000335207490
195462;PAIOROGR0000000007454911
180710;PAIOROGR0000000012527567
167974;PAIOROGR0000000007454217
103690;PAIOROGR0000000012527427
102968;PAIOROGR0000000075592178
102666;PAIOROGR0000000075589889
102595;PAIOROGR0000000007455263
102185;PAIOROGR0000000006684840
102059;PAIOROGR0000000075591522
1004101;PAIOROGR0000000006685370
43100;PAIHYDRO0000000356600207
42426;PAIOROGR0000000007455625
40390;PAIOROGR0000000006684867
39152;PAIOROGR0000000007455712
39085;PAIHYDRO0000000075594113
999593;PAIOROGR0000000007454461
923636;PAIOROGR0000000007457464
918680;PAIOROGR0000000337479119
889661;PAIOROGR0000000006685129
886232;PAIOROGR0000000007454852
879733;PAIOROGR0000000007455548
517567;PAIOROGR0000000006685019
417369;PAIOROGR0000000075591889
133168;PAIOROGR0000000007455791
38585;PAIOROGR0000000075590378
38578;PAIOROGR0000002009067753
38573;PAIOROGR0000000075589918
38541;PAIOROGR0000000075590400
38539;PAIOROGR0000000007456425
38531;PAIOROGR0000000075590087
38517;PAIOROGR0000000007454365
975858;PAIHYDRO0000000007458128
38511;PAIOROGR0000000007455075
38503;PAIOROGR0000000007455914
38486;PAIOROGR0000000007456325
38455;PAIOROGR0000000075590565
38447;PAIOROGR0000000075589850
38415;PAIOROGR0000000007455798
38413;PAIOROGR0000000075591079
38370;PAIOROGR0000000075589701
38368;PAIOROGR0000000012528512
38326;PAIOROGR0000000012528475
38311;PAIOROGR0000000075590149
38309;PAIOROGR0000000007456365
38306;PAIOROGR0000000007456131
38302;PAIOROGR0000000075591340
38274;PAIOROGR0000000012528509
38252;PAIOROGR0000002009067746
38240;PAIOROGR0000000007454633
38226;PAIOROGR0000000012528473
38218;PAIOROGR0000000007454585
38171;PAIOROGR0000000012527290
38093;PAIOROGR0000000075589972
38079;PAIOROGR0000000007453928
38046;PAIOROGR0000000075592012
38040;PAIOROGR0000000007454745
38031;PAIOROGR0000000075590201
38027;PAIOROGR0000000012528649
38025;PAIOROGR0000000012528625
38022;PAIOROGR0000000075590747
37994;PAIOROGR0000000007455801
37970;PAIOROGR0000000007456663
37958;PAIOROGR0000000007456012
37951;PAIOROGR0000000075589931
37921;PAIOROGR0000000007454570
37889;PAIOROGR0000000007454870
37888;PAIOROGR0000000012528643
37887;PAIOROGR0000000007455128
37881;PAIOROGR0000000007454196
891617;PAIHYDRO0000000075594474
37864;PAIOROGR0000000007456556
37862;PAIOROGR0000000007456155
37806;PAIOROGR0000000075591304
37803;PAIOROGR0000000075590575
37757;PAIOROGR0000000007456749
37755;PAIOROGR0000000075589832
37754;PAIOROGR0000000075590736
37745;PAIOROGR0000000007454516
37709;PAIOROGR0000000075589698
37688;PAIOROGR0000000007454641
37687;PAIOROGR0000000007454700
37684;PAIOROGR0000000007456361
37676;PAIOROGR0000000007454642
37579;PAIOROGR0000000075590080
37573;PAIOROGR0000000007456532
37559;PAIOROGR0000000075590568
37550;PAIOROGR0000000007456459
37548;PAIOROGR0000000075589957
37542;PAIOROGR0000000007456323
37501;PAIOROGR0000000007456195
37423;PAIOROGR0000000075589933
37339;PAIOROGR0000000075589733
37335;PAIOROGR0000000075589748
845023;PAIOROGR0000000007454667
634487;PAIHYDRO0000000006689472
37333;PAIOROGR0000000007455807
37311;PAIOROGR0000000007454893
37301;PAIOROGR0000000007454251
37285;PAIOROGR0000000007456035
37231;PAIOROGR0000000007454830
410297;PAIOROGR0000000007454388
247037;PAIHYDRO0000000007458039
890200;PAIOROGR0000000006685833
204235;PAIHYDRO0000000037685679
39668;PAIOROGR0000000356600231
322049;PAIOROGR0000000007455014
151084;PAIOROGR0000000007454543
41687;PAIOROGR0000000007454605
41663;PAIOROGR0000000007456873
41641;PAIOROGR0000000012528582
41639;PAIOROGR0000000012528583
41623;PAIOROGR0000000075591416
41620;PAIOROGR0000000007455805
41612;PAIOROGR0000000007456359
41599;PAIOROGR0000000075590215
41561;PAIOROGR0000000007456011
41555;PAIOROGR0000000075589741
41554;PAIOROGR0000000007455803
41552;PAIOROGR0000000007456032
41528;PAIOROGR0000000007455606
41519;PAIOROGR0000000007455912
41516;PAIOROGR0000000075590383
41504;PAIOROGR0000000007456033
41501;PAIOROGR0000000007455934
41500;PAIOROGR0000000007455828
41496;PAIOROGR0000000075589922
41489;PAIOROGR0000000007455055
41464;PAIOROGR0000000075589844
41462;PAIOROGR0000000007455329
41452;PAIOROGR0000000007454272
41446;PAIOROGR0000000075589378
41414;PAIOROGR0000000007456239
41348;PAIOROGR0000000075590795
41311;PAIOROGR0000000007455163
41280;PAIOROGR0000000012527363
41274;PAIOROGR0000000075591309
41272;PAIOROGR0000000012527279
41271;PAIOROGR0000000007454577
41249;PAIOROGR0000000075591292
41242;PAIOROGR0000000075589582
41241;PAIOROGR0000000075591994
41230;PAIOROGR0000000075589941
41212;PAIOROGR0000000075591130
41190;PAIOROGR0000000075591777
41182;PAIOROGR0000000006685949
41175;PAIOROGR0000000007456120
41031;PAIOROGR0000000075591025
41020;PAIOROGR0000000075591279
41014;PAIOROGR0000000007456676
41007;PAIOROGR0000000007455324
40980;PAIOROGR0000000007456066
40978;PAIOROGR0000000007454158
40976;PAIOROGR0000000007454905
40960;PAIOROGR0000000007455160
40932;PAIOROGR0000000006686691
40871;PAIOROGR0000000075591964
40868;PAIOROGR0000000007454825
40844;PAIOROGR0000000075590314
40781;PAIOROGR0000000007455052
40742;PAIOROGR0000000075589702
40739;PAIOROGR0000000075589697
40734;PAIOROGR0000000007454907
40733;PAIOROGR0000000006687201
40717;PAIOROGR0000000012528624
40692;PAIOROGR0000000007454575
278426;PAIOROGR0000000006686002
40688;PAIOROGR0000000075591385
40687;PAIOROGR0000000007457037
40663;PAIOROGR0000000007456061
40656;PAIOROGR0000000007456649
40646;PAIOROGR0000000007456445
40644;PAIOROGR0000000012528552
40630;PAIOROGR0000000007456031
40629;PAIOROGR0000000075590390
40619;PAIOROGR0000000075590599
40614;PAIOROGR0000000007454149
40608;PAIOROGR0000000007456030
40606;PAIOROGR0000000012527729
40605;PAIOROGR0000000007456450
40599;PAIOROGR0000000007456240
40589;PAIOROGR0000000007457356
40582;PAIOROGR0000000007455848
40578;PAIOROGR0000000075591086
40575;PAIOROGR0000000007455808
40573;PAIOROGR0000000007455150
40557;PAIOROGR0000000075590183
40549;PAIOROGR0000000007455915
40546;PAIOROGR0000000075590375
40545;PAIOROGR0000000007456648
40538;PAIOROGR0000000075590220
40535;PAIOROGR0000000007456549
40528;PAIOROGR0000000007456327
40524;PAIOROGR0000000007456533
40521;PAIOROGR0000000007455909
40512;PAIOROGR0000000012528540
40472;PAIOROGR0000000007454833
40421;PAIOROGR0000000007457358
40403;PAIOROGR0000000012528623
40341;PAIOROGR0000000007456062
40332;PAIOROGR0000000007456069
40328;PAIOROGR0000000007456662
40316;PAIOROGR0000000075590153
41819;PAIOROGR0000000007457486
40314;PAIOROGR0000000007456274
40295;PAIOROGR0000000075590741
40279;PAIOROGR0000000007457478
40273;PAIOROGR0000000007455393
40270;PAIOROGR0000000007455960
40257;PAIOROGR0000000075592020
40251;PAIOROGR0000000012527352
40230;PAIOROGR0000000075591996
40227;PAIOROGR0000000007454828
40222;PAIOROGR0000000075591571
40207;PAIOROGR0000000075591891
40206;PAIOROGR0000000075591691
40177;PAIOROGR0000000007454826
40168;PAIOROGR0000000007456980
40167;PAIOROGR0000000075592481
40151;PAIOROGR0000000007456978
40133;PAIOROGR0000000007457052
40096;PAIOROGR0000000007456196
40085;PAIOROGR0000000075592060
40084;PAIOROGR0000000075592063
40069;PAIOROGR0000000075591413
40042;PAIOROGR0000000012527723
40039;PAIOROGR0000000007454708
40035;PAIOROGR0000000075592262
40030;PAIOROGR0000000007454174
40019;PAIOROGR0000000075591102
39991;PAIOROGR0000000007455394
39984;PAIOROGR0000000006685243
39983;PAIOROGR0000000007454385
39966;PAIOROGR0000000075589427
39945;PAIOROGR0000000012528634
39913;PAIOROGR0000000007456894
39903;PAIOROGR0000000075592264
39900;PAIOROGR0000000075591013
39855;PAIOROGR0000000012528543
39830;PAIOROGR0000000075592135
39804;PAIOROGR0000000075589695
39789;PAIOROGR0000000007454527
39778;PAIOROGR0000002009067749
39775;PAIOROGR0000000075589446
39772;PAIOROGR0000000075589439
39763;PAIOROGR0000000007455134
39745;PAIOROGR0000000075590037
39742;PAIOROGR0000000356380224
39728;PAIOROGR0000000007456136
39706;PAIOROGR0000000007456037
39701;PAIOROGR0000000075589958
39696;PAIOROGR0000000075590096
39694;PAIOROGR0000000007456146
39692;PAIOROGR0000000075591553
39686;PAIOROGR0000000007455923
39683;PAIOROGR0000000075590419
39677;PAIOROGR0000000075589959
39664;PAIOROGR0000000007456019
44022;PAIOROGR0000000007454059
39662;PAIOROGR0000000007455993
39661;PAIOROGR0000000007455812
39645;PAIOROGR0000000007456264
39620;PAIOROGR0000000007454898
39619;PAIOROGR0000000075590572
39615;PAIOROGR0000000075590571
39572;PAIOROGR0000000007455675
39571;PAIOROGR0000000007454627
39526;PAIOROGR0000000075590093
39514;PAIOROGR0000000075589700
39501;PAIOROGR0000000075590057
39493;PAIOROGR0000000007454010
39372;PAIOROGR0000000012528511
39367;PAIOROGR0000000012528636
39335;PAIOROGR0000000007456677
39307;PAIOROGR0000000007456906
39303;PAIOROGR0000000007455739
39296;PAIOROGR0000000007457423
39284;PAIOROGR0000000075592131
39256;PAIOROGR0000000012528532
39215;PAIOROGR0000000007455999
39191;PAIOROGR0000000007454270
39170;PAIOROGR0000000075591284
39137;PAIOROGR0000000012527247
39115;PAIOROGR0000000007454397
39072;PAIOROGR0000000007454901
39067;PAIOROGR0000000007456531
39064;PAIOROGR0000000012528469
39056;PAIOROGR0000000356412699
39051;PAIOROGR0000000356600233
39040;PAIOROGR0000000006685172
39038;PAIOROGR0000000007454698
39017;PAIOROGR0000000075590165
39008;PAIOROGR0000000007453721
38988;PAIOROGR0000000075589742
38985;PAIOROGR0000000075590199
38981;PAIOROGR0000000075589924
38970;PAIOROGR0000000075590207
38662;PAIOROGR0000000075589946
38659;PAIOROGR0000000075590177
38658;PAIOROGR0000000075590384
38655;PAIOROGR0000000007456024
38654;PAIOROGR0000000075590226
38648;PAIOROGR0000000007456027
38646;PAIOROGR0000000007455799
38644;PAIOROGR0000000075590084
38640;PAIOROGR0000000075590203
38626;PAIOROGR0000000075590746
38618;PAIOROGR0000000007454514
38613;PAIOROGR0000000012528513
38591;PAIOROGR0000000075590086
38583;PAIOROGR0000000075589923
38569;PAIOROGR0000000075589970
38540;PAIOROGR0000000075589960
38521;PAIOROGR0000000075590225
38519;PAIOROGR0000000356600224
38501;PAIOROGR0000000007454831
38485;PAIOROGR0000002009067756
38473;PAIOROGR0000000075589954
38469;PAIOROGR0000000075590028
38468;PAIOROGR0000000075590341
38466;PAIOROGR0000000075591757
38440;PAIOROGR0000000007456861
38438;PAIOROGR0000000007456335
38434;PAIOROGR0000000007456038
38428;PAIOROGR0000000007456743
38418;PAIOROGR0000000075589724
38384;PAIOROGR0000000007454891
38329;PAIOROGR0000000012527347
38319;PAIOROGR0000000075592184
38314;PAIOROGR0000000007454983
38312;PAIOROGR0000000007456661
38303;PAIOROGR0000000075589706
38298;PAIOROGR0000000075589919
38297;PAIOROGR0000000012527356
38278;PAIOROGR0000000075591077
38269;PAIOROGR0000000075592461
38268;PAIOROGR0000000075592217
38267;PAIOROGR0000000012528463
38266;PAIOROGR0000000075592531
38265;PAIOROGR0000000007455743
38258;PAIOROGR0000000007456758
38256;PAIOROGR0000000012528421
38255;PAIOROGR0000000012527366
38233;PAIOROGR0000000075592462
38230;PAIOROGR0000000007454132
38203;PAIOROGR0000000007455853
38168;PAIOROGR0000000006686193
38133;PAIOROGR0000000007455216
38128;PAIOROGR0000000075592477
38125;PAIOROGR0000000012528268
38113;PAIOROGR0000000007456331
38107;PAIOROGR0000000007455074
38102;PAIOROGR0000000012528564
38096;PAIOROGR0000000075591600
38080;PAIOROGR0000000012528309
38077;PAIOROGR0000000075591338
38064;PAIOROGR0000000012528617
38059;PAIOROGR0000000075592232
38052;PAIOROGR0000000075592489
38042;PAIOROGR0000000075591809
38041;PAIOROGR0000000007455153
38038;PAIOROGR0000000075589510
38028;PAIOROGR0000000012528556
38021;PAIOROGR0000000075590078
38006;PAIOROGR0000000007456010
37995;PAIOROGR0000000075590364
37988;PAIOROGR0000000075590786
37983;PAIOROGR0000000075589938
37978;PAIOROGR0000000075590090
37971;PAIOROGR0000000012528618
37872;PAIOROGR0000000075591349
37968;PAIOROGR0000000007456358
37967;PAIOROGR0000000012527283
37966;PAIOROGR0000000075591990
37960;PAIOROGR0000000012528621
37959;PAIOROGR0000000075590360
37946;PAIOROGR0000000007456745
37943;PAIOROGR0000000012527321
37936;PAIOROGR0000000007455323
37932;PAIOROGR0000000007455076
37911;PAIOROGR0000000007455672
37909;PAIOROGR0000000007456609
37903;PAIOROGR0000000012528594
37901;PAIOROGR0000000007454912
37890;PAIOROGR0000000007455814
37884;PAIOROGR0000000007454030
37879;PAIOROGR0000000007456057
37876;PAIOROGR0000000007456566
37875;PAIOROGR0000000075592485
37874;PAIOROGR0000000075591589
37873;PAIOROGR0000000007457421
37871;PAIOROGR0000000075590862
37870;PAIOROGR0000000075592302
37869;PAIOROGR0000000075592521
37868;PAIOROGR0000000075592008
37867;PAIOROGR0000000075592010
37865;PAIOROGR0000000007454643
37858;PAIOROGR0000000007454821
37850;PAIOROGR0000000012528650
37848;PAIOROGR0000000012528477
37845;PAIOROGR0000000075591894
37841;PAIOROGR0000000012528505
37835;PAIOROGR0000000007454896
37824;PAIOROGR0000000007455051
37821;PAIOROGR0000000007454587
37816;PAIOROGR0000000007454980
37812;PAIOROGR0000000007455854
37811;PAIOROGR0000000012527289
37807;PAIOROGR0000000075592440
37802;PAIOROGR0000000075590780
37796;PAIOROGR0000000007456204
37795;PAIOROGR0000000007455871
37790;PAIOROGR0000000007454231
37770;PAIOROGR0000000012528413
37731;PAIOROGR0000000007455674
37726;PAIOROGR0000000007454697
37725;PAIOROGR0000000007454579
37723;PAIOROGR0000000007454987
37721;PAIOROGR0000000007454813
37720;PAIOROGR0000000007454647
37719;PAIOROGR0000000075591657
37705;PAIOROGR0000000075591423
37704;PAIOROGR0000000007454591
37698;PAIOROGR0000000075589705
37697;PAIOROGR0000000007454078
37693;PAIOROGR0000000075589442
37691;PAIOROGR0000000007454764
37677;PAIOROGR0000000007456383
37675;PAIOROGR0000000007454584
37672;PAIOROGR0000000007454703
37669;PAIOROGR0000000007454701
37664;PAIOROGR0000000007456535
37662;PAIOROGR0000000075589692
37660;PAIOROGR0000000007454889
37657;PAIOROGR0000000007454581
37656;PAIOROGR0000000007454762
41106;PAIOROGR0000000006685717
41105;PAIOROGR0000000075589516
41092;PAIOROGR0000000075591619
41074;PAIOROGR0000000075590141
41049;PAIOROGR0000000075591582
41048;PAIOROGR0000000075592183
41034;PAIOROGR0000000007454147
37650;PAIOROGR0000000007454753
37612;PAIOROGR0000000007454277
37608;PAIOROGR0000000012528543
37565;PAIOROGR0000000007454902
37564;PAIOROGR0000000007454763
37563;PAIOROGR0000000007455921
37560;PAIOROGR0000000075590570
37543;PAIOROGR0000000007456384
37538;PAIOROGR0000002007004895
37525;PAIOROGR0000000007456070
37523;PAIOROGR0000000007454317
37508;PAIOROGR0000000075590751
37503;PAIOROGR0000000007454396
37471;PAIOROGR0000000007454366
37457;PAIOROGR0000000007456084
37452;PAIOROGR0000000007455603
37450;PAIOROGR0000000007456998
37440;PAIOROGR0000000007456088
37434;PAIOROGR0000000007454153
37433;PAIOROGR0000000075592369
37430;PAIOROGR0000000007454324
37425;PAIOROGR0000000007454275
37418;PAIOROGR0000000007457417
37411;PAIOROGR0000000007455088
37402;PAIOROGR0000000007454588
37401;PAIOROGR0000000012528395
37372;PAIOROGR0000000007455440
37371;PAIOROGR0000000007455152
37370;PAIOROGR0000000007454390
37364;PAIOROGR0000000012528665
37351;PAIOROGR0000000075589703
37341;PAIOROGR0000000075589926
37340;PAIOROGR0000000075589837
37327;PAIOROGR0000000075592004
37325;PAIOROGR0000000075592219
37223;PAIOROGR0000000007454090
327850;PAIOROGR0000000007455724
44988;PAIOROGR0000000007454135
624790;PAIOROGR0000000075591335
1020318;PAIOROGR0000000007454990
992335;PAIOROGR0000000007455009
986618;PAIOROGR0000000356600229
977483;PAIOROGR0000000075589515
975035;PAIOROGR0000000012528308
974981;PAIOROGR0000000075592225
973963;PAIOROGR0000000075591530
960755;PAIOROGR0000000007454229
948019;PAIOROGR0000000075590874
948015;PAIOROGR0000000075590873
948014;PAIOROGR0000000075590885
900226;PAIOROGR0000000006685872
900225;PAIOROGR0000000006686393
898823;PAIOROGR0000000007455422
896880;PAIOROGR0000000007457198
891646;PAIOROGR0000000075592500
888953;PAIOROGR0000000007455583
871521;PAIOROGR0000000075591300
868538;PAIOROGR0000000007454572
868040;PAIOROGR0000000007454892
865400;PAIOROGR0000000075592326
862883;PAIOROGR0000000007456283
854345;PAIOROGR0000000007457450
814036;PAIOROGR0000000007456431
805058;PAIOROGR0000000075592208
803421;PAIOROGR0000000075590798
781925;PAIOROGR0000000075589741
774138;PAIOROGR0000000012527654
768859;PAIOROGR0000000075590041
768858;PAIOROGR0000000075590061
768857;PAIOROGR0000000075590040
768331;PAIOROGR0000000075591383
768312;PAIOROGR0000000075591155
764276;PAIOROGR0000000075591139
37594;PAIOROGR0000000006686002
37588;PAIOROGR0000000007454576
37584;PAIOROGR0000000007454628
37568;PAIOROGR0000000007456015
37566;PAIOROGR0000000007455165
274685;PAIOROGR0000000006685610
763059;PAIOROGR0000000012528548
761208;PAIOROGR0000000007456455
761112;PAIOROGR0000000007456962
756166;PAIOROGR0000000075590204
754914;PAIOROGR0000000007454989
749185;PAIOROGR0000000075589939
748301;PAIOROGR0000000075592201
747890;PAIOROGR0000000007456454
745328;PAIOROGR0000000007455939
737703;PAIOROGR0000000075591270
737678;PAIOROGR0000000075591543
737665;PAIOROGR0000000075591786
737650;PAIOROGR0000000075591999
736284;PAIOROGR0000000075590013
733663;PAIOROGR0000000075591393
732913;PAIOROGR0000000075591692
732912;PAIOROGR0000000075591688
732910;PAIOROGR0000002009067742
732893;PAIOROGR0000000075591352
730639;PAIOROGR0000000012528576
711040;PAIOROGR0000000012527331
711036;PAIOROGR0000000012527353
711035;PAIOROGR0000000012528478
711031;PAIOROGR0000000007454441
698799;PAIOROGR0000000075592178
687059;PAIOROGR0000002009067737
680143;PAIOROGR0000000075592466
665429;PAIOROGR0000000012527679
665427;PAIOROGR0000000012527670
661711;PAIOROGR0000000075591989
643897;PAIOROGR0000000007456637
643896;PAIOROGR0000000007456517
642953;PAIOROGR0000000075591357
642170;PAIOROGR0000000012527407
641547;PAIOROGR0000000012527457
638557;PAIOROGR0000000075592517
624935;PAIOROGR0000000075590573
624789;PAIOROGR0000000075591336
624787;PAIOROGR0000000075591122
614544;PAIOROGR0000000075590372
613197;PAIOROGR0000000075591790
610944;PAIOROGR0000000007454512
542790;PAIOROGR0000000075592224
600876;PAIOROGR0000000007455966
600870;PAIOROGR0000000007455741
600412;PAIOROGR0000000007454445
595836;PAIOROGR0000000007454099
588714;PAIOROGR0000000007457111
583273;PAIOROGR0000000075589583
580502;PAIOROGR0000000075590729
575705;PAIOROGR0000000006684913
575207;PAIOROGR0000000007454788
575206;PAIOROGR0000000007454717
568133;PAIOROGR0000000007454212
568130;PAIOROGR0000000007454271
562752;PAIOROGR0000000075590356
556678;PAIOROGR0000000075590049
556676;PAIOROGR0000000075590042
556669;PAIOROGR0000000075589951
556668;PAIOROGR0000000075589955
556667;PAIOROGR0000000075589968
556666;PAIOROGR0000000075589966
556665;PAIOROGR0000000075590097
556663;PAIOROGR0000000007456326
556536;PAIOROGR0000000007455813
554664;PAIOROGR0000000075589852
550281;PAIOROGR0000000007456278
550261;PAIOROGR0000000007456050
39676;PAIOROGR0000000075589950
39674;PAIOROGR0000000007456142
39670;PAIOROGR0000000007456362
39669;PAIOROGR0000000356600236
550187;PAIOROGR0000000075589930
550171;PAIOROGR0000000075589937
550106;PAIOROGR0000000075589961
550098;PAIOROGR0000000075590347
550092;PAIOROGR0000000075590228
549805;PAIOROGR0000000075590362
549804;PAIOROGR0000000075590367
549803;PAIOROGR0000000075590371
549802;PAIOROGR0000000075591048
549801;PAIOROGR0000000075590766
549800;PAIOROGR0000000075590767
549799;PAIOROGR0000000075590569
549797;PAIOROGR0000000075590770
549796;PAIOROGR0000000075590777
549795;PAIOROGR0000000075590771
545999;PAIOROGR0000000075592340
544292;PAIOROGR0000000012527728
541914;PAIOROGR0000000075589445
539747;PAIOROGR0000000007453941
537594;PAIOROGR0000000075589962
530409;PAIOROGR0000000006685728
528875;PAIOROGR0000000007454787
520652;PAIOROGR0000000075589712
517377;PAIOROGR0000000007455688
514269;PAIOROGR0000000007456559
510866;PAIOROGR0000000007455949
493025;PAIOROGR0000000075592626
491018;PAIOROGR0000000006686911
470681;PAIOROGR0000002009067755
467967;PAIOROGR0000000007456364
461051;PAIOROGR0000000007454823
453850;PAIOROGR0000000007455918
447050;PAIOROGR0000000335207490
43231;PAIOROGR0000000007455162
436046;PAIOROGR0000000075590316
421856;PAIOROGR0000000075590007
415072;PAIOROGR0000000007456053
414709;PAIOROGR0000000007456478
409802;PAIOROGR0000000075592231
406423;PAIOROGR0000000075592194
403723;PAIOROGR0000000012528596
41799;PAIOROGR0000000075591347
41792;PAIOROGR0000000007456903
342466;PAIOROGR0000000075591542
326832;PAIOROGR0000000012528572
325617;PAIOROGR0000000006684863
319873;PAIOROGR0000000007457313
318902;PAIOROGR0000000007455856
318707;PAIOROGR0000000075592444
43294;PAIOROGR0000000007455750
316646;PAIOROGR0000000075591266
312526;PAIOROGR0000000007456140
312506;PAIOROGR0000000007456016
312505;PAIOROGR0000000007456132
312504;PAIOROGR0000000007456133
310215;PAIOROGR0000000075589828
305553;PAIOROGR0000000006685966
305551;PAIOROGR0000000007457462
302909;PAIOROGR0000000006685976
300758;PAIOROGR0000000012528588
298408;PAIOROGR0000000006686481
289783;PAIOROGR0000000075592496
288969;PAIOROGR0000000075591564
278935;PAIOROGR0000000007454906
263899;PAIOROGR0000000075589913
262890;PAIOROGR0000000007457412
261001;PAIOROGR0000000006686421
259172;PAIOROGR0000000075589967
259169;PAIOROGR0000000075590079
256582;PAIOROGR0000000075591306
247431;PAIOROGR0000000075591898
247428;PAIOROGR0000000006686198
244446;PAIOROGR0000000075589902
243710;PAIOROGR0000000075592780
242799;PAIOROGR0000000075591324
242518;PAIOROGR0000000012527426
242427;PAIOROGR0000000075590735
241551;PAIOROGR0000000007454761
233154;PAIOROGR0000000007456428
231938;PAIOROGR0000000007456551
231776;PAIOROGR0000000012528539
230753;PAIOROGR0000000007455044
230665;PAIOROGR0000000007455759
227936;PAIOROGR0000000075592365
225639;PAIOROGR0000000075592040
224327;PAIOROGR0000000075590091
224326;PAIOROGR0000000075590089
224325;PAIOROGR0000000075589971
159448;PAIOROGR0000000007456580
222074;PAIOROGR0000000007456458
219215;PAIOROGR0000002009067757
217966;PAIOROGR0000000075589598
213951;PAIOROGR0000000075589829
211660;PAIOROGR0000000075592319
211659;PAIOROGR0000000075592300
211613;PAIOROGR0000000075590819
211246;PAIOROGR0000000075592273
211245;PAIOROGR0000000075592509
208150;PAIOROGR0000000075590722
207525;PAIOROGR0000000007457448
204064;PAIOROGR0000000006686463
202490;PAIOROGR0000000075591546
202188;PAIOROGR0000000075591411
202181;PAIOROGR0000000075592122
200900;PAIOROGR0000000006686209
199520;PAIOROGR0000000006686676
198228;PAIOROGR0000000007455334
198107;PAIOROGR0000000007455778
194316;PAIOROGR0000000075591855
193121;PAIOROGR0000000006685994
187010;PAIOROGR0000000007456585
187008;PAIOROGR0000000007456470
187006;PAIOROGR0000000007456373
185820;PAIOROGR0000000075589431
176471;PAIOROGR0000000075590225
176381;PAIOROGR0000000007456357
176321;PAIOROGR0000000075590048
43212;PAIOROGR0000000006685537
176157;PAIOROGR0000000356380221
175030;PAIOROGR0000000007456208
173909;PAIOROGR0000000006686469
173630;PAIOROGR0000000075590391
172973;PAIOROGR0000000007454666
172972;PAIOROGR0000000007454668
170597;PAIOROGR0000000006685404
170596;PAIOROGR0000000006685411
170595;PAIOROGR0000000006685421
170594;PAIOROGR0000000006685571
170592;PAIOROGR0000000006685436
170590;PAIOROGR0000000006685302
164728;PAIOROGR0000000075591576
164628;PAIOROGR0000000007456467
163783;PAIOROGR0000000075590193
132641;PAIOROGR0000000007455913
162191;PAIOROGR0000000075591289
162190;PAIOROGR0000000075591041
162189;PAIOROGR0000000075591052
161132;PAIOROGR0000000075589722
160669;PAIOROGR0000000075591997
160074;PAIOROGR0000000075592314
160018;PAIOROGR0000000007456744
159696;PAIOROGR0000000006685260
158627;PAIOROGR0000000075592011
158613;PAIOROGR0000000007456797
158610;PAIOROGR0000000007456912
158600;PAIOROGR0000000007455840
158189;PAIOROGR0000000007455252
154830;PAIOROGR0000000075591574
154764;PAIOROGR0000000007456426
154663;PAIOROGR0000000007455710
152078;PAIOROGR0000000075591080
151585;PAIOROGR0000000007457401
149845;PAIOROGR0000000075589729
149197;PAIOROGR0000000007457122
148770;PAIOROGR0000000075592267
147904;PAIOROGR0000000075592522
145088;PAIOROGR0000000075592240
142501;PAIOROGR0000000075590407
142071;PAIOROGR0000000075590094
135183;PAIOROGR0000000007456022
135181;PAIOROGR0000000007455924
133422;PAIOROGR0000000075589742
132676;PAIOROGR0000000006686459
131172;PAIOROGR0000000007456330
129105;PAIOROGR0000000006685162
129064;PAIOROGR0000000075591405
129063;PAIOROGR0000000075591406
129062;PAIOROGR0000000075591655
129061;PAIOROGR0000000075591658
129060;PAIOROGR0000000075591657
129041;PAIOROGR0000000007457352
126676;PAIOROGR0000000012527668
126542;PAIOROGR0000000075591311
126525;PAIOROGR0000000007456341
125400;PAIOROGR0000000007457418
125397;PAIOROGR0000000007457362
125336;PAIOROGR0000000075589757
124508;PAIOROGR0000000007456570
122072;PAIOROGR0000000075590836
122050;PAIOROGR0000000075589898
121482;PAIOROGR0000000075592292
116851;PAIOROGR0000000075591661
115592;PAIOROGR0000000007456528
115494;PAIOROGR0000000007456152
113936;PAIOROGR0000000075592471
44545;PAIOROGR0000000007454689
108904;PAIOROGR0000000007456194
108164;PAIOROGR0000000007456271
107248;PAIOROGR0000000007457118
107036;PAIOROGR0000000007454548
106736;PAIOROGR0000000075589942
45120;PAIOROGR0000000007454207
45096;PAIOROGR0000000007454871
45087;PAIOROGR0000000012528224
45085;PAIOROGR0000000012528462
45055;PAIOROGR0000000012527200
45053;PAIOROGR0000000007454064
45039;PAIOROGR0000000007455428
45029;PAIOROGR0000000012527360
45015;PAIOROGR0000000007455042
44989;PAIOROGR0000000007454015
44974;PAIOROGR0000000007454378
44972;PAIOROGR0000000007454599
44968;PAIOROGR0000000012527249
44962;PAIOROGR0000000075589381
44931;PAIOROGR0000002009067748
44923;PAIOROGR0000000007454520
44902;PAIOROGR0000000007454710
44879;PAIOROGR0000000007455046
44870;PAIOROGR0000000012527322
44852;PAIOROGR0000000012528415
44833;PAIOROGR0000000007454511
44808;PAIOROGR0000000012528549
44802;PAIOROGR0000000012527161
44768;PAIOROGR0000000012528554
44755;PAIOROGR0000000012528484
44734;PAIOROGR0000000012528592
44708;PAIOROGR0000000007454062
44688;PAIOROGR0000000012528425
44686;PAIOROGR0000000012528587
44677;PAIOROGR0000000007454837
44662;PAIOROGR0000000075589381
44644;PAIOROGR0000000012527284
44614;PAIOROGR0000000007454368
44608;PAIOROGR0000000012528412
44584;PAIOROGR0000000012528637
44579;PAIOROGR0000000012527276
44556;PAIOROGR0000000007454768
44555;PAIOROGR0000000007454263
44538;PAIOROGR0000000007454580
44528;PAIOROGR0000000012527316
44527;PAIOROGR0000000012528547
44508;PAIOROGR0000000012528601
44502;PAIOROGR0000000012527111
41972;PAIOROGR0000000007454931
44487;PAIOROGR0000000012527320
44483;PAIOROGR0000000012527333
550170;PAIOROGR0000000075590043
550169;PAIOROGR0000000075590059
550134;PAIOROGR0000000075589836
550133;PAIOROGR0000000075589840
550130;PAIOROGR0000000075589765
550128;PAIOROGR0000000007455823
44432;PAIOROGR0000000012527361
44387;PAIOROGR0000000012528225
44380;PAIOROGR0000000012527259
44368;PAIOROGR0000000007454129
44348;PAIOROGR0000000007454138
44292;PAIOROGR0000000012527253
44290;PAIOROGR0000000012527365
44286;PAIOROGR0000000007454014
44263;PAIOROGR0000000007454989
44251;PAIOROGR0000000012528648
44245;PAIOROGR0000000007454631
44224;PAIOROGR0000000012527288
44196;PAIOROGR0000000007454381
44183;PAIOROGR0000000007455069
44145;PAIOROGR0000000012528616
44138;PAIOROGR0000000007454968
44115;PAIOROGR0000000012528490
44112;PAIOROGR0000000007454776
44068;PAIOROGR0000000007455041
44048;PAIOROGR0000000012528202
44045;PAIOROGR0000000012528467
44014;PAIOROGR0000000012527317
43979;PAIOROGR0000000012528632
43965;PAIOROGR0000000012528545
43949;PAIOROGR0000000012528557
43944;PAIOROGR0000000007454202
43901;PAIOROGR0000000012527365
43851;PAIOROGR0000000012527207
43821;PAIOROGR0000000007455438
43693;PAIOROGR0000000075589943
43683;PAIOROGR0000000007454270
43602;PAIOROGR0000000012527719
43592;PAIOROGR0000000007454168
43501;PAIOROGR0000000007454838
43467;PAIOROGR0000000075591784
43439;PAIOROGR0000000007454744
43394;PAIOROGR0000000075592210
43393;PAIOROGR0000000075591547
43366;PAIOROGR0000000007457473
43359;PAIOROGR0000000007457465
43349;PAIOROGR0000000007455802
43347;PAIOROGR0000000356600235
43315;PAIOROGR0000000012528419
43271;PAIOROGR0000000075592189
43234;PAIOROGR0000000006684840
43148;PAIOROGR0000000006685737
43137;PAIOROGR0000000007454523
43132;PAIOROGR0000000075589929
43126;PAIOROGR0000000012527711
43111;PAIOROGR0000000075589737
43074;PAIOROGR0000000007454155
43053;PAIOROGR0000000075590206
43048;PAIOROGR0000000012528382
43043;PAIOROGR0000000007456290
43030;PAIOROGR0000000007456272
42997;PAIOROGR0000000075591035
42985;PAIOROGR0000000075589945
42910;PAIOROGR0000000075591554
42905;PAIOROGR0000000007456961
42887;PAIOROGR0000000007455954
42886;PAIOROGR0000000012528411
42791;PAIOROGR0000000007454677
42790;PAIOROGR0000000007455520
42773;PAIOROGR0000000012527456
42705;PAIOROGR0000000007456063
42665;PAIOROGR0000000012527351
42647;PAIOROGR0000000075592255
42641;PAIOROGR0000000007455521
42634;PAIOROGR0000000006686205
42633;PAIOROGR0000000007455962
42627;PAIOROGR0000000012528439
42606;PAIOROGR0000000351430221
42574;PAIOROGR0000000007457324
42565;PAIOROGR0000000012528466
42561;PAIOROGR0000000007454827
42560;PAIOROGR0000000007457477
42553;PAIOROGR0000000012528472
42531;PAIOROGR0000000075589755
42514;PAIOROGR0000000007456788
42480;PAIOROGR0000000012528474
42455;PAIOROGR0000000007456080
42439;PAIOROGR0000000007456754
42434;PAIOROGR0000000075592470
42358;PAIOROGR0000000075590322
42354;PAIOROGR0000000007456153
42343;PAIOROGR0000000012528644
42339;PAIOROGR0000000007456548
42318;PAIOROGR0000000007455342
42311;PAIOROGR0000000075590768
42310;PAIOROGR0000000075590576
42271;PAIOROGR0000000007454510
42259;PAIOROGR0000000075589730
42232;PAIOROGR0000000007456664
42213;PAIOROGR0000000075589934
42211;PAIOROGR0000000075589437
42185;PAIOROGR0000000075589740
42180;PAIOROGR0000000007455882
42160;PAIOROGR0000000007455068
42113;PAIOROGR0000000012528614
42107;PAIOROGR0000000007456552
42095;PAIOROGR0000000007455490
42061;PAIOROGR0000000007456738
42020;PAIOROGR0000000007456520
41989;PAIOROGR0000000075590741
41962;PAIOROGR0000000007454977
41958;PAIOROGR0000000012528424
41955;PAIOROGR0000000012528269
41945;PAIOROGR0000000012528615
41913;PAIOROGR0000000007454172
41905;PAIOROGR0000000007455215
41869;PAIOROGR0000000075589696
41854;PAIOROGR0000000006686195
41845;PAIOROGR0000000007456480
41840;PAIOROGR0000000012528416
41829;PAIOROGR0000000007456071
41823;PAIOROGR0000000006686675
195095;PAIHYDRO0000000075594208
155457;PAIOROGR0000000007454389
42048;PAIHYDRO0000000007458352
39178;PAIHYDRO0000000007458298
403298;PAIOROGR0000000296118581
401146;PAIOROGR0000000075591588
400631;PAIOROGR0000000075589441
399803;PAIOROGR0000000007454818
399492;PAIOROGR0000000012528508
399328;PAIOROGR0000000006685456
380920;PAIOROGR0000000075591531
380470;PAIOROGR0000000007455714
379911;PAIOROGR0000000075591903
379417;PAIOROGR0000000007457404
369435;PAIOROGR0000000007455256
358047;PAIOROGR0000000007455022
356155;PAIOROGR0000000007456877
336178;PAIOROGR0000000006685894
41812;PAIOROGR0000000007454198
41809;PAIOROGR0000000012528373
41806;PAIOROGR0000000075592220
